ID;Tanggal;Harga;;Kode_PT
133MJY0001;01/01/2022;5000;PT Maju Jaya;MJ001
133SAB0001;01/01/2022;5100;PT Sentosa Abadi;SA001
133BRM0001;01/01/2022;5150;PT Berkah Makmur;BM001
133SJB0001;01/01/2022;5200;PT Sejahtera Bersama;SB001
133CHI0001;01/01/2022;5100;PT Cahaya Indah;CI001
133MJY0002;02/01/2022;5100;PT Maju Jaya;MJ001
133SAB0002;02/01/2022;5150;PT Sentosa Abadi;SA001
133BRM0002;02/01/2022;5200;PT Berkah Makmur;BM001
133SJB0002;02/01/2022;5250;PT Sejahtera Bersama;SB001
133CHI0002;02/01/2022;5150;PT Cahaya Indah;CI001
133MJY0003;03/01/2022;5150;PT Maju Jaya;MJ001
133SAB0003;03/01/2022;5200;PT Sentosa Abadi;SA001
133BRM0003;03/01/2022;5250;PT Berkah Makmur;BM001
133SJB0003;03/01/2022;5300;PT Sejahtera Bersama;SB001
133CHI0003;03/01/2022;5200;PT Cahaya Indah;CI001
133MJY0004;04/01/2022;5200;PT Maju Jaya;MJ001
133SAB0004;04/01/2022;5250;PT Sentosa Abadi;SA001
133BRM0004;04/01/2022;5300;PT Berkah Makmur;BM001
133SJB0004;04/01/2022;5350;PT Sejahtera Bersama;SB001
133CHI0004;04/01/2022;5250;PT Cahaya Indah;CI001
133MJY0005;05/01/2022;5250;PT Maju Jaya;MJ001
133SAB0005;05/01/2022;5300;PT Sentosa Abadi;SA001
133BRM0005;05/01/2022;5350;PT Berkah Makmur;BM001
133SJB0005;05/01/2022;5400;PT Sejahtera Bersama;SB001
133CHI0005;05/01/2022;5300;PT Cahaya Indah;CI001
133MJY0006;06/01/2022;5300;PT Maju Jaya;MJ001
133SAB0006;06/01/2022;5350;PT Sentosa Abadi;SA001
133BRM0006;06/01/2022;5400;PT Berkah Makmur;BM001
133SJB0006;06/01/2022;5450;PT Sejahtera Bersama;SB001
133CHI0006;06/01/2022;5350;PT Cahaya Indah;CI001
133MJY0007;07/01/2022;5350;PT Maju Jaya;MJ001
133SAB0007;07/01/2022;5400;PT Sentosa Abadi;SA001
133BRM0007;07/01/2022;5450;PT Berkah Makmur;BM001
133SJB0007;07/01/2022;5500;PT Sejahtera Bersama;SB001
133CHI0007;07/01/2022;5400;PT Cahaya Indah;CI001
133MJY0008;08/01/2022;5400;PT Maju Jaya;MJ001
133SAB0008;08/01/2022;5450;PT Sentosa Abadi;SA001
133BRM0008;08/01/2022;5500;PT Berkah Makmur;BM001
133SJB0008;08/01/2022;5550;PT Sejahtera Bersama;SB001
133CHI0008;08/01/2022;5450;PT Cahaya Indah;CI001
133MJY0009;09/01/2022;5450;PT Maju Jaya;MJ001
133SAB0009;09/01/2022;5500;PT Sentosa Abadi;SA001
133BRM0009;09/01/2022;5550;PT Berkah Makmur;BM001
133SJB0009;09/01/2022;5600;PT Sejahtera Bersama;SB001
133CHI0009;09/01/2022;5500;PT Cahaya Indah;CI001
133MJY0010;10/01/2022;5500;PT Maju Jaya;MJ001
133SAB0010;10/01/2022;5550;PT Sentosa Abadi;SA001
133BRM0010;10/01/2022;5600;PT Berkah Makmur;BM001
133SJB0010;10/01/2022;5650;PT Sejahtera Bersama;SB001
133CHI0010;10/01/2022;5550;PT Cahaya Indah;CI001
133MJY0011;11/01/2022;5100;PT Maju Jaya;MJ001
133SAB0011;11/01/2022;5150;PT Sentosa Abadi;SA001
133BRM0011;11/01/2022;5200;PT Berkah Makmur;BM001
133SJB0011;11/01/2022;5250;PT Sejahtera Bersama;SB001
133CHI0011;11/01/2022;5150;PT Cahaya Indah;CI001
133MJY0012;12/01/2022;5150;PT Maju Jaya;MJ001
133SAB0012;12/01/2022;5200;PT Sentosa Abadi;SA001
133BRM0012;12/01/2022;5250;PT Berkah Makmur;BM001
133SJB0012;12/01/2022;5300;PT Sejahtera Bersama;SB001
133CHI0012;12/01/2022;5200;PT Cahaya Indah;CI001
133MJY0013;13/01/2022;5200;PT Maju Jaya;MJ001
133SAB0013;13/01/2022;5250;PT Sentosa Abadi;SA001
133BRM0013;13/01/2022;5300;PT Berkah Makmur;BM001
133SJB0013;13/01/2022;5350;PT Sejahtera Bersama;SB001
133CHI0013;13/01/2022;5250;PT Cahaya Indah;CI001
133MJY0014;14/01/2022;5250;PT Maju Jaya;MJ001
133SAB0014;14/01/2022;5300;PT Sentosa Abadi;SA001
133BRM0014;14/01/2022;5350;PT Berkah Makmur;BM001
133SJB0014;14/01/2022;5400;PT Sejahtera Bersama;SB001
133CHI0014;14/01/2022;5300;PT Cahaya Indah;CI001
133MJY0015;15/01/2022;5300;PT Maju Jaya;MJ001
133SAB0015;15/01/2022;5350;PT Sentosa Abadi;SA001
133BRM0015;15/01/2022;5400;PT Berkah Makmur;BM001
133SJB0015;15/01/2022;5450;PT Sejahtera Bersama;SB001
133CHI0015;15/01/2022;5350;PT Cahaya Indah;CI001
133MJY0016;16/01/2022;5350;PT Maju Jaya;MJ001
133SAB0016;16/01/2022;5400;PT Sentosa Abadi;SA001
133BRM0016;16/01/2022;5450;PT Berkah Makmur;BM001
133SJB0016;16/01/2022;5500;PT Sejahtera Bersama;SB001
133CHI0016;16/01/2022;5400;PT Cahaya Indah;CI001
133MJY0017;17/01/2022;5400;PT Maju Jaya;MJ001
133SAB0017;17/01/2022;5450;PT Sentosa Abadi;SA001
133BRM0017;17/01/2022;5500;PT Berkah Makmur;BM001
133SJB0017;17/01/2022;5550;PT Sejahtera Bersama;SB001
133CHI0017;17/01/2022;5450;PT Cahaya Indah;CI001
133MJY0018;18/01/2022;5450;PT Maju Jaya;MJ001
133SAB0018;18/01/2022;5500;PT Sentosa Abadi;SA001
133BRM0018;18/01/2022;5550;PT Berkah Makmur;BM001
133SJB0018;18/01/2022;5600;PT Sejahtera Bersama;SB001
133CHI0018;18/01/2022;5500;PT Cahaya Indah;CI001
133MJY0019;19/01/2022;5500;PT Maju Jaya;MJ001
133SAB0019;19/01/2022;5550;PT Sentosa Abadi;SA001
133BRM0019;19/01/2022;5600;PT Berkah Makmur;BM001
133SJB0019;19/01/2022;5650;PT Sejahtera Bersama;SB001
133CHI0019;19/01/2022;5550;PT Cahaya Indah;CI001
133MJY0020;20/01/2022;5550;PT Maju Jaya;MJ001
133SAB0020;20/01/2022;5600;PT Sentosa Abadi;SA001
133BRM0020;20/01/2022;5650;PT Berkah Makmur;BM001
133SJB0020;20/01/2022;5700;PT Sejahtera Bersama;SB001
133CHI0020;20/01/2022;5600;PT Cahaya Indah;CI001
133MJY0021;21/01/2022;5100;PT Maju Jaya;MJ001
133SAB0021;21/01/2022;5150;PT Sentosa Abadi;SA001
133BRM0021;21/01/2022;5200;PT Berkah Makmur;BM001
133SJB0021;21/01/2022;5250;PT Sejahtera Bersama;SB001
133CHI0021;21/01/2022;5150;PT Cahaya Indah;CI001
133MJY0022;22/01/2022;5150;PT Maju Jaya;MJ001
133SAB0022;22/01/2022;5200;PT Sentosa Abadi;SA001
133BRM0022;22/01/2022;5250;PT Berkah Makmur;BM001
133SJB0022;22/01/2022;5300;PT Sejahtera Bersama;SB001
133CHI0022;22/01/2022;5200;PT Cahaya Indah;CI001
133MJY0023;23/01/2022;5200;PT Maju Jaya;MJ001
133SAB0023;23/01/2022;5250;PT Sentosa Abadi;SA001
133BRM0023;23/01/2022;5300;PT Berkah Makmur;BM001
133SJB0023;23/01/2022;5350;PT Sejahtera Bersama;SB001
133CHI0023;23/01/2022;5250;PT Cahaya Indah;CI001
133MJY0024;24/01/2022;5250;PT Maju Jaya;MJ001
133SAB0024;24/01/2022;5300;PT Sentosa Abadi;SA001
133BRM0024;24/01/2022;5350;PT Berkah Makmur;BM001
133SJB0024;24/01/2022;5400;PT Sejahtera Bersama;SB001
133CHI0024;24/01/2022;5300;PT Cahaya Indah;CI001
133MJY0025;25/01/2022;5300;PT Maju Jaya;MJ001
133SAB0025;25/01/2022;5350;PT Sentosa Abadi;SA001
133BRM0025;25/01/2022;5400;PT Berkah Makmur;BM001
133SJB0025;25/01/2022;5450;PT Sejahtera Bersama;SB001
133CHI0025;25/01/2022;5350;PT Cahaya Indah;CI001
133MJY0026;26/01/2022;5350;PT Maju Jaya;MJ001
133SAB0026;26/01/2022;5400;PT Sentosa Abadi;SA001
133BRM0026;26/01/2022;5450;PT Berkah Makmur;BM001
133SJB0026;26/01/2022;5500;PT Sejahtera Bersama;SB001
133CHI0026;26/01/2022;5400;PT Cahaya Indah;CI001
133MJY0027;27/01/2022;5400;PT Maju Jaya;MJ001
133SAB0027;27/01/2022;5450;PT Sentosa Abadi;SA001
133BRM0027;27/01/2022;5500;PT Berkah Makmur;BM001
133SJB0027;27/01/2022;5550;PT Sejahtera Bersama;SB001
133CHI0027;27/01/2022;5450;PT Cahaya Indah;CI001
133MJY0028;28/01/2022;5450;PT Maju Jaya;MJ001
133SAB0028;28/01/2022;5500;PT Sentosa Abadi;SA001
133BRM0028;28/01/2022;5550;PT Berkah Makmur;BM001
133SJB0028;28/01/2022;5600;PT Sejahtera Bersama;SB001
133CHI0028;28/01/2022;5500;PT Cahaya Indah;CI001
133MJY0029;29/01/2022;5500;PT Maju Jaya;MJ001
133SAB0029;29/01/2022;5550;PT Sentosa Abadi;SA001
133BRM0029;29/01/2022;5600;PT Berkah Makmur;BM001
133SJB0029;29/01/2022;5650;PT Sejahtera Bersama;SB001
133CHI0029;29/01/2022;5550;PT Cahaya Indah;CI001
133MJY0030;30/01/2022;5550;PT Maju Jaya;MJ001
133SAB0030;30/01/2022;5600;PT Sentosa Abadi;SA001
133BRM0030;30/01/2022;5650;PT Berkah Makmur;BM001
133SJB0030;30/01/2022;5700;PT Sejahtera Bersama;SB001
133CHI0030;30/01/2022;5600;PT Cahaya Indah;CI001
133MJY0031;31/01/2022;5600;PT Maju Jaya;MJ001
133SAB0031;31/01/2022;5650;PT Sentosa Abadi;SA001
133BRM0031;31/01/2022;5700;PT Berkah Makmur;BM001
133SJB0031;31/01/2022;5750;PT Sejahtera Bersama;SB001
133CHI0031;31/01/2022;5650;PT Cahaya Indah;CI001

133MJY0032;01/02/2022;4500;PT Maju Jaya;MJ001
133SAB0032;01/02/2022;4600;PT Sentosa Abadi;SA001
133BRM0032;01/02/2022;4650;PT Berkah Makmur;BM001
133SJB0032;01/02/2022;4700;PT Sejahtera Bersama;SB001
133CHI0032;01/02/2022;4600;PT Cahaya Indah;CI001
133MJY0033;02/02/2022;4600;PT Maju Jaya;MJ001
133SAB0033;02/02/2022;4650;PT Sentosa Abadi;SA001
133BRM0033;02/02/2022;4700;PT Berkah Makmur;BM001
133SJB0033;02/02/2022;4750;PT Sejahtera Bersama;SB001
133CHI0033;02/02/2022;4650;PT Cahaya Indah;CI001
133MJY0034;03/02/2022;4650;PT Maju Jaya;MJ001
133SAB0034;03/02/2022;4700;PT Sentosa Abadi;SA001
133BRM0034;03/02/2022;4750;PT Berkah Makmur;BM001
133SJB0034;03/02/2022;4800;PT Sejahtera Bersama;SB001
133CHI0034;03/02/2022;4700;PT Cahaya Indah;CI001
133MJY0035;04/02/2022;4700;PT Maju Jaya;MJ001
133SAB0035;04/02/2022;4750;PT Sentosa Abadi;SA001
133BRM0035;04/02/2022;4800;PT Berkah Makmur;BM001
133SJB0035;04/02/2022;4850;PT Sejahtera Bersama;SB001
133CHI0035;04/02/2022;4750;PT Cahaya Indah;CI001
133MJY0036;05/02/2022;4750;PT Maju Jaya;MJ001
133SAB0036;05/02/2022;4800;PT Sentosa Abadi;SA001
133BRM0036;05/02/2022;4850;PT Berkah Makmur;BM001
133SJB0036;05/02/2022;4900;PT Sejahtera Bersama;SB001
133CHI0036;05/02/2022;4800;PT Cahaya Indah;CI001
133MJY0037;06/02/2022;4800;PT Maju Jaya;MJ001
133SAB0037;06/02/2022;4850;PT Sentosa Abadi;SA001
133BRM0037;06/02/2022;4900;PT Berkah Makmur;BM001
133SJB0037;06/02/2022;4950;PT Sejahtera Bersama;SB001
133CHI0037;06/02/2022;4850;PT Cahaya Indah;CI001
133MJY0038;07/02/2022;4850;PT Maju Jaya;MJ001
133SAB0038;07/02/2022;4900;PT Sentosa Abadi;SA001
133BRM0038;07/02/2022;4950;PT Berkah Makmur;BM001
133SJB0038;07/02/2022;5000;PT Sejahtera Bersama;SB001
133CHI0038;07/02/2022;4900;PT Cahaya Indah;CI001
133MJY0039;08/02/2022;4900;PT Maju Jaya;MJ001
133SAB0039;08/02/2022;4950;PT Sentosa Abadi;SA001
133BRM0039;08/02/2022;5000;PT Berkah Makmur;BM001
133SJB0039;08/02/2022;5050;PT Sejahtera Bersama;SB001
133CHI0039;08/02/2022;4950;PT Cahaya Indah;CI001
133MJY0040;09/02/2022;4950;PT Maju Jaya;MJ001
133SAB0040;09/02/2022;5000;PT Sentosa Abadi;SA001
133BRM0040;09/02/2022;5050;PT Berkah Makmur;BM001
133SJB0040;09/02/2022;5100;PT Sejahtera Bersama;SB001
133CHI0040;09/02/2022;5000;PT Cahaya Indah;CI001
133MJY0041;10/02/2022;5000;PT Maju Jaya;MJ001
133SAB0041;10/02/2022;5050;PT Sentosa Abadi;SA001
133BRM0041;10/02/2022;5100;PT Berkah Makmur;BM001
133SJB0041;10/02/2022;5150;PT Sejahtera Bersama;SB001
133CHI0041;10/02/2022;5050;PT Cahaya Indah;CI001
133MJY0042;11/02/2022;5100;PT Maju Jaya;MJ001
133SAB0042;11/02/2022;5150;PT Sentosa Abadi;SA001
133BRM0042;11/02/2022;5200;PT Berkah Makmur;BM001
133SJB0042;11/02/2022;5250;PT Sejahtera Bersama;SB001
133CHI0042;11/02/2022;5150;PT Cahaya Indah;CI001
133MJY0043;12/02/2022;5150;PT Maju Jaya;MJ001
133SAB0043;12/02/2022;5200;PT Sentosa Abadi;SA001
133BRM0043;12/02/2022;5250;PT Berkah Makmur;BM001
133SJB0043;12/02/2022;5300;PT Sejahtera Bersama;SB001
133CHI0043;12/02/2022;5200;PT Cahaya Indah;CI001
133MJY0044;13/02/2022;5200;PT Maju Jaya;MJ001
133SAB0044;13/02/2022;5250;PT Sentosa Abadi;SA001
133BRM0044;13/02/2022;5300;PT Berkah Makmur;BM001
133SJB0044;13/02/2022;5350;PT Sejahtera Bersama;SB001
133CHI0044;13/02/2022;5250;PT Cahaya Indah;CI001
133MJY0045;14/02/2022;5250;PT Maju Jaya;MJ001
133SAB0045;14/02/2022;5300;PT Sentosa Abadi;SA001
133BRM0045;14/02/2022;5350;PT Berkah Makmur;BM001
133SJB0045;14/02/2022;5400;PT Sejahtera Bersama;SB001
133CHI0045;14/02/2022;5300;PT Cahaya Indah;CI001
133MJY0046;15/02/2022;5300;PT Maju Jaya;MJ001
133SAB0046;15/02/2022;5350;PT Sentosa Abadi;SA001
133BRM0046;15/02/2022;5400;PT Berkah Makmur;BM001
133SJB0046;15/02/2022;5450;PT Sejahtera Bersama;SB001
133CHI0046;15/02/2022;5350;PT Cahaya Indah;CI001
133MJY0047;16/02/2022;5350;PT Maju Jaya;MJ001
133SAB0047;16/02/2022;5400;PT Sentosa Abadi;SA001
133BRM0047;16/02/2022;5450;PT Berkah Makmur;BM001
133SJB0047;16/02/2022;5500;PT Sejahtera Bersama;SB001
133CHI0047;16/02/2022;5400;PT Cahaya Indah;CI001
133MJY0048;17/02/2022;5400;PT Maju Jaya;MJ001
133SAB0048;17/02/2022;5450;PT Sentosa Abadi;SA001
133BRM0048;17/02/2022;5500;PT Berkah Makmur;BM001
133SJB0048;17/02/2022;5550;PT Sejahtera Bersama;SB001
133CHI0048;17/02/2022;5450;PT Cahaya Indah;CI001
133MJY0049;18/02/2022;5450;PT Maju Jaya;MJ001
133SAB0049;18/02/2022;5500;PT Sentosa Abadi;SA001
133BRM0049;18/02/2022;5550;PT Berkah Makmur;BM001
133SJB0049;18/02/2022;5600;PT Sejahtera Bersama;SB001
133CHI0049;18/02/2022;5500;PT Cahaya Indah;CI001
133MJY0050;19/02/2022;5500;PT Maju Jaya;MJ001
133SAB0050;19/02/2022;5550;PT Sentosa Abadi;SA001
133BRM0050;19/02/2022;5600;PT Berkah Makmur;BM001
133SJB0050;19/02/2022;5650;PT Sejahtera Bersama;SB001
133CHI0050;19/02/2022;5550;PT Cahaya Indah;CI001
133MJY0051;20/02/2022;5550;PT Maju Jaya;MJ001
133SAB0051;20/02/2022;5600;PT Sentosa Abadi;SA001
133BRM0051;20/02/2022;5650;PT Berkah Makmur;BM001
133SJB0051;20/02/2022;5700;PT Sejahtera Bersama;SB001
133CHI0051;20/02/2022;5600;PT Cahaya Indah;CI001
133MJY0052;21/02/2022;5100;PT Maju Jaya;MJ001
133SAB0052;21/02/2022;5150;PT Sentosa Abadi;SA001
133BRM0052;21/02/2022;5200;PT Berkah Makmur;BM001
133SJB0052;21/02/2022;5250;PT Sejahtera Bersama;SB001
133CHI0052;21/02/2022;5150;PT Cahaya Indah;CI001
133MJY0053;22/02/2022;5150;PT Maju Jaya;MJ001
133SAB0053;22/02/2022;5200;PT Sentosa Abadi;SA001
133BRM0053;22/02/2022;5250;PT Berkah Makmur;BM001
133SJB0053;22/02/2022;5300;PT Sejahtera Bersama;SB001
133CHI0053;22/02/2022;5200;PT Cahaya Indah;CI001
133MJY0054;23/02/2022;5200;PT Maju Jaya;MJ001
133SAB0054;23/02/2022;5250;PT Sentosa Abadi;SA001
133BRM0054;23/02/2022;5300;PT Berkah Makmur;BM001
133SJB0054;23/02/2022;5350;PT Sejahtera Bersama;SB001
133CHI0054;23/02/2022;5250;PT Cahaya Indah;CI001
133MJY0055;24/02/2022;5250;PT Maju Jaya;MJ001
133SAB0055;24/02/2022;5300;PT Sentosa Abadi;SA001
133BRM0055;24/02/2022;5350;PT Berkah Makmur;BM001
133SJB0055;24/02/2022;5400;PT Sejahtera Bersama;SB001
133CHI0055;24/02/2022;5300;PT Cahaya Indah;CI001
133MJY0056;25/02/2022;5300;PT Maju Jaya;MJ001
133SAB0056;25/02/2022;5350;PT Sentosa Abadi;SA001
133BRM0056;25/02/2022;5400;PT Berkah Makmur;BM001
133SJB0056;25/02/2022;5450;PT Sejahtera Bersama;SB001
133CHI0056;25/02/2022;5350;PT Cahaya Indah;CI001
133MJY0057;26/02/2022;5350;PT Maju Jaya;MJ001
133SAB0057;26/02/2022;5400;PT Sentosa Abadi;SA001
133BRM0057;26/02/2022;5450;PT Berkah Makmur;BM001
133SJB0057;26/02/2022;5500;PT Sejahtera Bersama;SB001
133CHI0057;26/02/2022;5400;PT Cahaya Indah;CI001
133MJY0058;27/02/2022;5400;PT Maju Jaya;MJ001
133SAB0058;27/02/2022;5450;PT Sentosa Abadi;SA001
133BRM0058;27/02/2022;5500;PT Berkah Makmur;BM001
133SJB0058;27/02/2022;5550;PT Sejahtera Bersama;SB001
133CHI0058;27/02/2022;5450;PT Cahaya Indah;CI001
133MJY0059;28/02/2022;5450;PT Maju Jaya;MJ001
133SAB0059;28/02/2022;5500;PT Sentosa Abadi;SA001
133BRM0059;28/02/2022;5550;PT Berkah Makmur;BM001
133SJB0059;28/02/2022;5600;PT Sejahtera Bersama;SB001
133CHI0059;28/02/2022;5500;PT Cahaya Indah;CI001

133MJY0032;01/03/2022;6010;PT Maju Jaya;MJ001
133SAB0032;01/03/2022;4725;PT Sentosa Abadi;SA001
133BRM0032;01/03/2022;5190;PT Berkah Makmur;BM001
133SJB0032;01/03/2022;5505;PT Sejahtera Bersama;SB001
133CHI0032;01/03/2022;5870;PT Cahaya Indah;CI001
133MJY0033;02/03/2022;5785;PT Maju Jaya;MJ001
133SAB0033;02/03/2022;7045;PT Sentosa Abadi;SA001
133BRM0033;02/03/2022;4830;PT Berkah Makmur;BM001
133SJB0033;02/03/2022;6430;PT Sejahtera Bersama;SB001
133CHI0033;02/03/2022;5095;PT Cahaya Indah;CI001
133MJY0034;03/03/2022;4745;PT Maju Jaya;MJ001
133SAB0034;03/03/2022;5910;PT Sentosa Abadi;SA001
133BRM0034;03/03/2022;6655;PT Berkah Makmur;BM001
133SJB0034;03/03/2022;5620;PT Sejahtera Bersama;SB001
133CHI0034;03/03/2022;6795;PT Cahaya Indah;CI001
133MJY0035;04/03/2022;6775;PT Maju Jaya;MJ001
133SAB0035;04/03/2022;5265;PT Sentosa Abadi;SA001
133BRM0035;04/03/2022;7100;PT Berkah Makmur;BM001
133SJB0035;04/03/2022;5845;PT Sejahtera Bersama;SB001
133CHI0035;04/03/2022;5355;PT Cahaya Indah;CI001
133MJY0036;05/03/2022;6965;PT Maju Jaya;MJ001
133SAB0036;05/03/2022;5505;PT Sentosa Abadi;SA001
133BRM0036;05/03/2022;5035;PT Berkah Makmur;BM001
133SJB0036;05/03/2022;6205;PT Sejahtera Bersama;SB001
133CHI0036;05/03/2022;5450;PT Cahaya Indah;CI001
133MJY0037;06/03/2022;5145;PT Maju Jaya;MJ001
133SAB0037;06/03/2022;5875;PT Sentosa Abadi;SA001
133BRM0037;06/03/2022;6185;PT Berkah Makmur;BM001
133SJB0037;06/03/2022;7040;PT Sejahtera Bersama;SB001
133CHI0037;06/03/2022;6895;PT Cahaya Indah;CI001
133MJY0038;07/03/2022;5640;PT Maju Jaya;MJ001
133SAB0038;07/03/2022;4795;PT Sentosa Abadi;SA001
133BRM0038;07/03/2022;6410;PT Berkah Makmur;BM001
133SJB0038;07/03/2022;5835;PT Sejahtera Bersama;SB001
133CHI0038;07/03/2022;6625;PT Cahaya Indah;CI001
133MJY0039;08/03/2022;7210;PT Maju Jaya;MJ001
133SAB0039;08/03/2022;6700;PT Sentosa Abadi;SA001
133BRM0039;08/03/2022;4775;PT Berkah Makmur;BM001
133SJB0039;08/03/2022;7065;PT Sejahtera Bersama;SB001
133CHI0039;08/03/2022;5850;PT Cahaya Indah;CI001
133MJY0040;09/03/2022;5115;PT Maju Jaya;MJ001
133SAB0040;09/03/2022;6090;PT Sentosa Abadi;SA001
133BRM0040;09/03/2022;4965;PT Berkah Makmur;BM001
133SJB0040;09/03/2022;6255;PT Sejahtera Bersama;SB001
133CHI0040;09/03/2022;6790;PT Cahaya Indah;CI001
133MJY0041;10/03/2022;5695;PT Maju Jaya;MJ001
133SAB0041;10/03/2022;7025;PT Sentosa Abadi;SA001
133BRM0041;10/03/2022;6105;PT Berkah Makmur;BM001
133SJB0041;10/03/2022;5375;PT Sejahtera Bersama;SB001
133CHI0041;10/03/2022;5140;PT Cahaya Indah;CI001
133MJY0042;11/03/2022;4990;PT Maju Jaya;MJ001
133SAB0042;11/03/2022;5895;PT Sentosa Abadi;SA001
133BRM0042;11/03/2022;6145;PT Berkah Makmur;BM001
133SJB0042;11/03/2022;5825;PT Sejahtera Bersama;SB001
133CHI0042;11/03/2022;7095;PT Cahaya Indah;CI001
133MJY0043;12/03/2022;6475;PT Maju Jaya;MJ001
133SAB0043;12/03/2022;4960;PT Sentosa Abadi;SA001
133BRM0043;12/03/2022;6200;PT Berkah Makmur;BM001
133SJB0043;12/03/2022;6815;PT Sejahtera Bersama;SB001
133CHI0043;12/03/2022;5345;PT Cahaya Indah;CI001
133MJY0044;13/03/2022;5025;PT Maju Jaya;MJ001
133SAB0044;13/03/2022;6010;PT Sentosa Abadi;SA001
133BRM0044;13/03/2022;6295;PT Berkah Makmur;BM001
133SJB0044;13/03/2022;6685;PT Sejahtera Bersama;SB001
133CHI0044;13/03/2022;5455;PT Cahaya Indah;CI001
133MJY0045;14/03/2022;6050;PT Maju Jaya;MJ001
133SAB0045;14/03/2022;6455;PT Sentosa Abadi;SA001
133BRM0045;14/03/2022;5135;PT Berkah Makmur;BM001
133SJB0045;14/03/2022;4915;PT Sejahtera Bersama;SB001
133CHI0045;14/03/2022;5525;PT Cahaya Indah;CI001
133MJY0046;15/03/2022;5195;PT Maju Jaya;MJ001
133SAB0046;15/03/2022;5625;PT Sentosa Abadi;SA001
133BRM0046;15/03/2022;6595;PT Berkah Makmur;BM001
133SJB0046;15/03/2022;7040;PT Sejahtera Bersama;SB001
133CHI0046;15/03/2022;4920;PT Cahaya Indah;CI001
133MJY0032;16/03/2022;5720;PT Maju Jaya;MJ001
133SAB0032;16/03/2022;6480;PT Sentosa Abadi;SA001
133BRM0032;16/03/2022;5250;PT Berkah Makmur;BM001
133SJB0032;16/03/2022;5310;PT Sejahtera Bersama;SB001
133CHI0032;16/03/2022;4980;PT Cahaya Indah;CI001
133MJY0033;17/03/2022;6130;PT Maju Jaya;MJ001
133SAB0033;17/03/2022;6965;PT Sentosa Abadi;SA001
133BRM0033;17/03/2022;5885;PT Berkah Makmur;BM001
133SJB0033;17/03/2022;5295;PT Sejahtera Bersama;SB001
133CHI0033;17/03/2022;5615;PT Cahaya Indah;CI001
133MJY0034;18/03/2022;6650;PT Maju Jaya;MJ001
133SAB0034;18/03/2022;5765;PT Sentosa Abadi;SA001
133BRM0034;18/03/2022;6025;PT Berkah Makmur;BM001
133SJB0034;18/03/2022;5130;PT Sejahtera Bersama;SB001
133CHI0034;18/03/2022;6945;PT Cahaya Indah;CI001
133MJY0035;19/03/2022;6980;PT Maju Jaya;MJ001
133SAB0035;19/03/2022;4990;PT Sentosa Abadi;SA001
133BRM0035;19/03/2022;5805;PT Berkah Makmur;BM001
133SJB0035;19/03/2022;5825;PT Sejahtera Bersama;SB001
133CHI0035;19/03/2022;5035;PT Cahaya Indah;CI001
133MJY0036;20/03/2022;6610;PT Maju Jaya;MJ001
133SAB0036;20/03/2022;5060;PT Sentosa Abadi;SA001
133BRM0036;20/03/2022;6605;PT Berkah Makmur;BM001
133SJB0036;20/03/2022;6300;PT Sejahtera Bersama;SB001
133CHI0036;20/03/2022;5310;PT Cahaya Indah;CI001
133MJY0037;21/03/2022;6745;PT Maju Jaya;MJ001
133SAB0037;21/03/2022;6090;PT Sentosa Abadi;SA001
133BRM0037;21/03/2022;4930;PT Berkah Makmur;BM001
133SJB0037;21/03/2022;5470;PT Sejahtera Bersama;SB001
133CHI0037;21/03/2022;6970;PT Cahaya Indah;CI001
133MJY0038;22/03/2022;6155;PT Maju Jaya;MJ001
133SAB0038;22/03/2022;5675;PT Sentosa Abadi;SA001
133BRM0038;22/03/2022;5925;PT Berkah Makmur;BM001
133SJB0038;22/03/2022;6245;PT Sejahtera Bersama;SB001
133CHI0038;22/03/2022;6715;PT Cahaya Indah;CI001
133MJY0039;23/03/2022;6575;PT Maju Jaya;MJ001
133SAB0039;23/03/2022;5390;PT Sentosa Abadi;SA001
133BRM0039;23/03/2022;5725;PT Berkah Makmur;BM001
133SJB0039;23/03/2022;6420;PT Sejahtera Bersama;SB001
133CHI0039;23/03/2022;6210;PT Cahaya Indah;CI001
133MJY0040;24/03/2022;6095;PT Maju Jaya;MJ001
133SAB0040;24/03/2022;6340;PT Sentosa Abadi;SA001
133BRM0040;24/03/2022;5465;PT Berkah Makmur;BM001
133SJB0040;24/03/2022;6920;PT Sejahtera Bersama;SB001
133CHI0040;24/03/2022;5480;PT Cahaya Indah;CI001
133MJY0041;25/03/2022;5905;PT Maju Jaya;MJ001
133SAB0041;25/03/2022;5425;PT Sentosa Abadi;SA001
133BRM0041;25/03/2022;6075;PT Berkah Makmur;BM001
133SJB0041;25/03/2022;6515;PT Sejahtera Bersama;SB001
133CHI0041;25/03/2022;5725;PT Cahaya Indah;CI001
133MJY0042;26/03/2022;5260;PT Maju Jaya;MJ001
133SAB0042;26/03/2022;6815;PT Sentosa Abadi;SA001
133BRM0042;26/03/2022;5045;PT Berkah Makmur;BM001
133SJB0042;26/03/2022;5195;PT Sejahtera Bersama;SB001
133CHI0042;26/03/2022;6555;PT Cahaya Indah;CI001
133MJY0043;27/03/2022;6170;PT Maju Jaya;MJ001
133SAB0043;27/03/2022;6710;PT Sentosa Abadi;SA001
133BRM0043;27/03/2022;5330;PT Berkah Makmur;BM001
133SJB0043;27/03/2022;5270;PT Sejahtera Bersama;SB001
133CHI0043;27/03/2022;5905;PT Cahaya Indah;CI001
133MJY0044;28/03/2022;5785;PT Maju Jaya;MJ001
133SAB0044;28/03/2022;7045;PT Sentosa Abadi;SA001
133BRM0044;28/03/2022;5885;PT Berkah Makmur;BM001
133SJB0044;28/03/2022;5295;PT Sejahtera Bersama;SB001
133CHI0044;28/03/2022;5615;PT Cahaya Indah;CI001
133MJY0088;29/03/2022;5500;PT Maju Jaya;MJ001
133SAB0088;29/03/2022;5550;PT Sentosa Abadi;SA001
133BRM0088;29/03/2022;5600;PT Berkah Makmur;BM001
133SJB0088;29/03/2022;5650;PT Sejahtera Bersama;SB001
133CHI0088;29/03/2022;5550;PT Cahaya Indah;CI001
133MJY0089;30/03/2022;5500;PT Maju Jaya;MJ001
133SAB0089;30/03/2022;5550;PT Sentosa Abadi;SA001
133BRM0089;30/03/2022;5600;PT Berkah Makmur;BM001
133SJB0089;30/03/2022;5650;PT Sejahtera Bersama;SB001
133CHI0089;30/03/2022;5550;PT Cahaya Indah;CI001
133MJY0090;31/03/2022;5500;PT Maju Jaya;MJ001
133SAB0090;31/03/2022;5550;PT Sentosa Abadi;SA001
133BRM0090;31/03/2022;5600;PT Berkah Makmur;BM001
133SJB0090;31/03/2022;5650;PT Sejahtera Bersama;SB001
133CHI0090;31/03/2022;5550;PT Cahaya Indah;CI001

133MJY0091;01/04/2022;4000;PT Maju Jaya;MJ001
133SAB0091;01/04/2022;4050;PT Sentosa Abadi;SA001
133BRM0091;01/04/2022;4100;PT Berkah Makmur;BM001
133SJB0091;01/04/2022;4150;PT Sejahtera Bersama;SB001
133CHI0091;01/04/2022;4050;PT Cahaya Indah;CI001
133MJY0092;02/04/2022;4000;PT Maju Jaya;MJ001
133SAB0092;02/04/2022;4050;PT Sentosa Abadi;SA001
133BRM0092;02/04/2022;4100;PT Berkah Makmur;BM001
133SJB0092;02/04/2022;4150;PT Sejahtera Bersama;SB001
133CHI0092;02/04/2022;4050;PT Cahaya Indah;CI001
133MJY0093;03/04/2022;4000;PT Maju Jaya;MJ001
133SAB0093;03/04/2022;4050;PT Sentosa Abadi;SA001
133BRM0093;03/04/2022;4100;PT Berkah Makmur;BM001
133SJB0093;03/04/2022;4150;PT Sejahtera Bersama;SB001
133CHI0093;03/04/2022;4050;PT Cahaya Indah;CI001
133MJY0094;04/04/2022;4000;PT Maju Jaya;MJ001
133SAB0094;04/04/2022;4050;PT Sentosa Abadi;SA001
133BRM0094;04/04/2022;4100;PT Berkah Makmur;BM001
133SJB0094;04/04/2022;4150;PT Sejahtera Bersama;SB001
133CHI0094;04/04/2022;4050;PT Cahaya Indah;CI001
133MJY0095;05/04/2022;4000;PT Maju Jaya;MJ001
133SAB0095;05/04/2022;4050;PT Sentosa Abadi;SA001
133BRM0095;05/04/2022;4100;PT Berkah Makmur;BM001
133SJB0095;05/04/2022;4150;PT Sejahtera Bersama;SB001
133CHI0095;05/04/2022;4050;PT Cahaya Indah;CI001
133MJY0096;06/04/2022;4000;PT Maju Jaya;MJ001
133SAB0096;06/04/2022;4050;PT Sentosa Abadi;SA001
133BRM0096;06/04/2022;4100;PT Berkah Makmur;BM001
133SJB0096;06/04/2022;4150;PT Sejahtera Bersama;SB001
133CHI0096;06/04/2022;4050;PT Cahaya Indah;CI001
133MJY0097;07/04/2022;4000;PT Maju Jaya;MJ001
133SAB0097;07/04/2022;4050;PT Sentosa Abadi;SA001
133BRM0097;07/04/2022;4100;PT Berkah Makmur;BM001
133SJB0097;07/04/2022;4150;PT Sejahtera Bersama;SB001
133CHI0097;07/04/2022;4050;PT Cahaya Indah;CI001
133MJY0098;08/04/2022;4000;PT Maju Jaya;MJ001
133SAB0098;08/04/2022;4050;PT Sentosa Abadi;SA001
133BRM0098;08/04/2022;4100;PT Berkah Makmur;BM001
133SJB0098;08/04/2022;4150;PT Sejahtera Bersama;SB001
133CHI0098;08/04/2022;4050;PT Cahaya Indah;CI001
133MJY0099;09/04/2022;4000;PT Maju Jaya;MJ001
133SAB0099;09/04/2022;4050;PT Sentosa Abadi;SA001
133BRM0099;09/04/2022;4100;PT Berkah Makmur;BM001
133SJB0099;09/04/2022;4150;PT Sejahtera Bersama;SB001
133CHI0099;09/04/2022;4050;PT Cahaya Indah;CI001
133MJY0100;10/04/2022;4000;PT Maju Jaya;MJ001
133SAB0100;10/04/2022;4050;PT Sentosa Abadi;SA001
133BRM0100;10/04/2022;4100;PT Berkah Makmur;BM001
133SJB0100;10/04/2022;4150;PT Sejahtera Bersama;SB001
133CHI0100;10/04/2022;4050;PT Cahaya Indah;CI001
133MJY0101;11/04/2022;4000;PT Maju Jaya;MJ001
133SAB0101;11/04/2022;4050;PT Sentosa Abadi;SA001
133BRM0101;11/04/2022;4100;PT Berkah Makmur;BM001
133SJB0101;11/04/2022;4150;PT Sejahtera Bersama;SB001
133CHI0101;11/04/2022;4050;PT Cahaya Indah;CI001
133MJY0102;12/04/2022;4000;PT Maju Jaya;MJ001
133SAB0102;12/04/2022;4050;PT Sentosa Abadi;SA001
133BRM0102;12/04/2022;4100;PT Berkah Makmur;BM001
133SJB0102;12/04/2022;4150;PT Sejahtera Bersama;SB001
133CHI0102;12/04/2022;4050;PT Cahaya Indah;CI001
133MJY0103;13/04/2022;4000;PT Maju Jaya;MJ001
133SAB0103;13/04/2022;4050;PT Sentosa Abadi;SA001
133BRM0103;13/04/2022;4100;PT Berkah Makmur;BM001
133SJB0103;13/04/2022;4150;PT Sejahtera Bersama;SB001
133CHI0103;13/04/2022;4050;PT Cahaya Indah;CI001
133MJY0104;14/04/2022;4000;PT Maju Jaya;MJ001
133SAB0104;14/04/2022;4050;PT Sentosa Abadi;SA001
133BRM0104;14/04/2022;4100;PT Berkah Makmur;BM001
133SJB0104;14/04/2022;4150;PT Sejahtera Bersama;SB001
133CHI0104;14/04/2022;4050;PT Cahaya Indah;CI001
133MJY0105;15/04/2022;4000;PT Maju Jaya;MJ001
133SAB0105;15/04/2022;4050;PT Sentosa Abadi;SA001
133BRM0105;15/04/2022;4100;PT Berkah Makmur;BM001
133SJB0105;15/04/2022;4150;PT Sejahtera Bersama;SB001
133CHI0105;15/04/2022;4050;PT Cahaya Indah;CI001
133MJY0106;16/04/2022;4000;PT Maju Jaya;MJ001
133SAB0106;16/04/2022;4050;PT Sentosa Abadi;SA001
133BRM0106;16/04/2022;4100;PT Berkah Makmur;BM001
133SJB0106;16/04/2022;4150;PT Sejahtera Bersama;SB001
133CHI0106;16/04/2022;4050;PT Cahaya Indah;CI001
133MJY0107;17/04/2022;4000;PT Maju Jaya;MJ001
133SAB0107;17/04/2022;4050;PT Sentosa Abadi;SA001
133BRM0107;17/04/2022;4100;PT Berkah Makmur;BM001
133SJB0107;17/04/2022;4150;PT Sejahtera Bersama;SB001
133CHI0107;17/04/2022;4050;PT Cahaya Indah;CI001
133MJY0108;18/04/2022;4000;PT Maju Jaya;MJ001
133SAB0108;18/04/2022;4050;PT Sentosa Abadi;SA001
133BRM0108;18/04/2022;4100;PT Berkah Makmur;BM001
133SJB0108;18/04/2022;4150;PT Sejahtera Bersama;SB001
133CHI0108;18/04/2022;4050;PT Cahaya Indah;CI001
133MJY0109;19/04/2022;4000;PT Maju Jaya;MJ001
133SAB0109;19/04/2022;4050;PT Sentosa Abadi;SA001
133BRM0109;19/04/2022;4100;PT Berkah Makmur;BM001
133SJB0109;19/04/2022;4150;PT Sejahtera Bersama;SB001
133CHI0109;19/04/2022;4050;PT Cahaya Indah;CI001
133MJY0110;20/04/2022;4000;PT Maju Jaya;MJ001
133SAB0110;20/04/2022;4050;PT Sentosa Abadi;SA001
133BRM0110;20/04/2022;4100;PT Berkah Makmur;BM001
133SJB0110;20/04/2022;4150;PT Sejahtera Bersama;SB001
133CHI0110;20/04/2022;4050;PT Cahaya Indah;CI001
133MJY0111;21/04/2022;4000;PT Maju Jaya;MJ001
133SAB0111;21/04/2022;4050;PT Sentosa Abadi;SA001
133BRM0111;21/04/2022;4100;PT Berkah Makmur;BM001
133SJB0111;21/04/2022;4150;PT Sejahtera Bersama;SB001
133CHI0111;21/04/2022;4050;PT Cahaya Indah;CI001
133MJY0112;22/04/2022;4000;PT Maju Jaya;MJ001
133SAB0112;22/04/2022;4050;PT Sentosa Abadi;SA001
133BRM0112;22/04/2022;4100;PT Berkah Makmur;BM001
133SJB0112;22/04/2022;4150;PT Sejahtera Bersama;SB001
133CHI0112;22/04/2022;4050;PT Cahaya Indah;CI001
133MJY0113;23/04/2022;4000;PT Maju Jaya;MJ001
133SAB0113;23/04/2022;4050;PT Sentosa Abadi;SA001
133BRM0113;23/04/2022;4100;PT Berkah Makmur;BM001
133SJB0113;23/04/2022;4150;PT Sejahtera Bersama;SB001
133CHI0113;23/04/2022;4050;PT Cahaya Indah;CI001
133MJY0114;24/04/2022;4000;PT Maju Jaya;MJ001
133SAB0114;24/04/2022;4050;PT Sentosa Abadi;SA001
133BRM0114;24/04/2022;4100;PT Berkah Makmur;BM001
133SJB0114;24/04/2022;4150;PT Sejahtera Bersama;SB001
133CHI0114;24/04/2022;4050;PT Cahaya Indah;CI001
133MJY0115;25/04/2022;4000;PT Maju Jaya;MJ001
133SAB0115;25/04/2022;4050;PT Sentosa Abadi;SA001
133BRM0115;25/04/2022;4100;PT Berkah Makmur;BM001
133SJB0115;25/04/2022;4150;PT Sejahtera Bersama;SB001
133CHI0115;25/04/2022;4050;PT Cahaya Indah;CI001
133MJY0116;26/04/2022;4000;PT Maju Jaya;MJ001
133SAB0116;26/04/2022;4050;PT Sentosa Abadi;SA001
133BRM0116;26/04/2022;4100;PT Berkah Makmur;BM001
133SJB0116;26/04/2022;4150;PT Sejahtera Bersama;SB001
133CHI0116;26/04/2022;4050;PT Cahaya Indah;CI001
133MJY0117;27/04/2022;4000;PT Maju Jaya;MJ001
133SAB0117;27/04/2022;4050;PT Sentosa Abadi;SA001
133BRM0117;27/04/2022;4100;PT Berkah Makmur;BM001
133SJB0117;27/04/2022;4150;PT Sejahtera Bersama;SB001
133CHI0117;27/04/2022;4050;PT Cahaya Indah;CI001
133MJY0118;28/04/2022;4000;PT Maju Jaya;MJ001
133SAB0118;28/04/2022;4050;PT Sentosa Abadi;SA001
133BRM0118;28/04/2022;4100;PT Berkah Makmur;BM001
133SJB0118;28/04/2022;4150;PT Sejahtera Bersama;SB001
133CHI0118;28/04/2022;4050;PT Cahaya Indah;CI001
133MJY0119;29/04/2022;4000;PT Maju Jaya;MJ001
133SAB0119;29/04/2022;4050;PT Sentosa Abadi;SA001
133BRM0119;29/04/2022;4100;PT Berkah Makmur;BM001
133SJB0119;29/04/2022;4150;PT Sejahtera Bersama;SB001
133CHI0119;29/04/2022;4050;PT Cahaya Indah;CI001
133MJY0120;30/04/2022;4000;PT Maju Jaya;MJ001
133SAB0120;30/04/2022;4050;PT Sentosa Abadi;SA001
133BRM0120;30/04/2022;4100;PT Berkah Makmur;BM001
133SJB0120;30/04/2022;4150;PT Sejahtera Bersama;SB001
133CHI0120;30/04/2022;4050;PT Cahaya Indah;CI001

133BRM0121;01/05/2022;5600;PT Berkah Makmur;BM001
133SJB0121;01/05/2022;5650;PT Sejahtera Bersama;SB001
133BRM0122;02/05/2022;5600;PT Berkah Makmur;BM001
133SJB0122;02/05/2022;5650;PT Sejahtera Bersama;SB001
133BRM0123;03/05/2022;5600;PT Berkah Makmur;BM001
133SJB0123;03/05/2022;5650;PT Sejahtera Bersama;SB001
133BRM0124;04/05/2022;5600;PT Berkah Makmur;BM001
133SJB0124;04/05/2022;5650;PT Sejahtera Bersama;SB001
133BRM0125;05/05/2022;5600;PT Berkah Makmur;BM001
133SJB0125;05/05/2022;5650;PT Sejahtera Bersama;SB001
133BRM0126;06/05/2022;5600;PT Berkah Makmur;BM001
133SJB0126;06/05/2022;5650;PT Sejahtera Bersama;SB001
133BRM0127;07/05/2022;5600;PT Berkah Makmur;BM001
133SJB0127;07/05/2022;5650;PT Sejahtera Bersama;SB001
133BRM0128;08/05/2022;5600;PT Berkah Makmur;BM001
133SJB0128;08/05/2022;5650;PT Sejahtera Bersama;SB001
133BRM0129;09/05/2022;5600;PT Berkah Makmur;BM001
133SJB0129;09/05/2022;5650;PT Sejahtera Bersama;SB001
133BRM0130;10/05/2022;5600;PT Berkah Makmur;BM001
133SJB0130;10/05/2022;5650;PT Sejahtera Bersama;SB001
133BRM0131;11/05/2022;5600;PT Berkah Makmur;BM001
133SJB0131;11/05/2022;5650;PT Sejahtera Bersama;SB001
133BRM0132;12/05/2022;5600;PT Berkah Makmur;BM001
133SJB0132;12/05/2022;5650;PT Sejahtera Bersama;SB001
133BRM0133;13/05/2022;5600;PT Berkah Makmur;BM001
133SJB0133;13/05/2022;5650;PT Sejahtera Bersama;SB001
133BRM0134;14/05/2022;5600;PT Berkah Makmur;BM001
133SJB0134;14/05/2022;5650;PT Sejahtera Bersama;SB001
133BRM0135;15/05/2022;5600;PT Berkah Makmur;BM001
133SJB0135;15/05/2022;5650;PT Sejahtera Bersama;SB001
133BRM0136;16/05/2022;5600;PT Berkah Makmur;BM001
133SJB0136;16/05/2022;5650;PT Sejahtera Bersama;SB001
133BRM0137;17/05/2022;5600;PT Berkah Makmur;BM001
133SJB0137;17/05/2022;5650;PT Sejahtera Bersama;SB001
133BRM0138;18/05/2022;5600;PT Berkah Makmur;BM001
133SJB0138;18/05/2022;5650;PT Sejahtera Bersama;SB001
133BRM0139;19/05/2022;5600;PT Berkah Makmur;BM001
133SJB0139;19/05/2022;5650;PT Sejahtera Bersama;SB001
133BRM0140;20/05/2022;5600;PT Berkah Makmur;BM001
133SJB0140;20/05/2022;5650;PT Sejahtera Bersama;SB001
133BRM0141;21/05/2022;5600;PT Berkah Makmur;BM001
133SJB0141;21/05/2022;5650;PT Sejahtera Bersama;SB001
133BRM0142;22/05/2022;5600;PT Berkah Makmur;BM001
133SJB0142;22/05/2022;5650;PT Sejahtera Bersama;SB001
133BRM0143;23/05/2022;5600;PT Berkah Makmur;BM001
133SJB0143;23/05/2022;5650;PT Sejahtera Bersama;SB001
133BRM0144;24/05/2022;5600;PT Berkah Makmur;BM001
133SJB0144;24/05/2022;5650;PT Sejahtera Bersama;SB001
133BRM0145;25/05/2022;5600;PT Berkah Makmur;BM001
133SJB0145;25/05/2022;5650;PT Sejahtera Bersama;SB001
133BRM0146;26/05/2022;5600;PT Berkah Makmur;BM001
133SJB0146;26/05/2022;5650;PT Sejahtera Bersama;SB001
133BRM0147;27/05/2022;5600;PT Berkah Makmur;BM001
133SJB0147;27/05/2022;5650;PT Sejahtera Bersama;SB001
133BRM0148;28/05/2022;5600;PT Berkah Makmur;BM001
133SJB0148;28/05/2022;5650;PT Sejahtera Bersama;SB001
133BRM0149;29/05/2022;5600;PT Berkah Makmur;BM001
133SJB0149;29/05/2022;5650;PT Sejahtera Bersama;SB001
133BRM0150;30/05/2022;5600;PT Berkah Makmur;BM001
133SJB0150;30/05/2022;5650;PT Sejahtera Bersama;SB001
133BRM0151;31/05/2022;5600;PT Berkah Makmur;BM001
133SJB0151;31/05/2022;5650;PT Sejahtera Bersama;SB001

133MJY0152;01/06/2022;6449;PT Maju Jaya;MJ001
133SAB0152;01/06/2022;5637;PT Sentosa Abadi;SA001
133BRM0152;01/06/2022;4759;PT Berkah Makmur;BM001
133SJB0152;01/06/2022;6150;PT Sejahtera Bersama;SB001
133CHI0152;01/06/2022;7182;PT Cahaya Indah;CI001
133MJY0153;02/06/2022;5980;PT Maju Jaya;MJ001
133SAB0153;02/06/2022;6972;PT Sentosa Abadi;SA001
133BRM0153;02/06/2022;6961;PT Berkah Makmur;BM001
133SJB0153;02/06/2022;6176;PT Sejahtera Bersama;SB001
133CHI0153;02/06/2022;5865;PT Cahaya Indah;CI001
133MJY0154;03/06/2022;6744;PT Maju Jaya;MJ001
133SAB0154;03/06/2022;6591;PT Sentosa Abadi;SA001
133BRM0154;03/06/2022;4989;PT Berkah Makmur;BM001
133SJB0154;03/06/2022;4923;PT Sejahtera Bersama;SB001
133CHI0154;03/06/2022;7249;PT Cahaya Indah;CI001
133MJY0155;04/06/2022;6758;PT Maju Jaya;MJ001
133SAB0155;04/06/2022;5650;PT Sentosa Abadi;SA001
133BRM0155;04/06/2022;6514;PT Berkah Makmur;BM001
133SJB0155;04/06/2022;4927;PT Sejahtera Bersama;SB001
133CHI0155;04/06/2022;7301;PT Cahaya Indah;CI001
133MJY0156;05/06/2022;5379;PT Maju Jaya;MJ001
133SAB0156;05/06/2022;6191;PT Sentosa Abadi;SA001
133BRM0156;05/06/2022;6523;PT Berkah Makmur;BM001
133SJB0156;05/06/2022;6477;PT Sejahtera Bersama;SB001
133CHI0156;05/06/2022;5536;PT Cahaya Indah;CI001
133MJY0157;06/06/2022;6668;PT Maju Jaya;MJ001
133SAB0157;06/06/2022;5373;PT Sentosa Abadi;SA001
133BRM0157;06/06/2022;4847;PT Berkah Makmur;BM001
133SJB0157;06/06/2022;6802;PT Sejahtera Bersama;SB001
133CHI0157;06/06/2022;6179;PT Cahaya Indah;CI001
133MJY0158;07/06/2022;5145;PT Maju Jaya;MJ001
133SAB0158;07/06/2022;7049;PT Sentosa Abadi;SA001
133BRM0158;07/06/2022;5315;PT Berkah Makmur;BM001
133SJB0158;07/06/2022;6764;PT Sejahtera Bersama;SB001
133CHI0158;07/06/2022;7307;PT Cahaya Indah;CI001
133MJY0159;08/06/2022;5587;PT Maju Jaya;MJ001
133SAB0159;08/06/2022;4655;PT Sentosa Abadi;SA001
133BRM0159;08/06/2022;6651;PT Berkah Makmur;BM001
133SJB0159;08/06/2022;4706;PT Sejahtera Bersama;SB001
133CHI0159;08/06/2022;5703;PT Cahaya Indah;CI001
133MJY0160;09/06/2022;5925;PT Maju Jaya;MJ001
133SAB0160;09/06/2022;5614;PT Sentosa Abadi;SA001
133BRM0160;09/06/2022;5035;PT Berkah Makmur;BM001
133SJB0160;09/06/2022;5160;PT Sejahtera Bersama;SB001
133CHI0160;09/06/2022;6564;PT Cahaya Indah;CI001
133MJY0161;10/06/2022;5041;PT Maju Jaya;MJ001
133SAB0161;10/06/2022;6229;PT Sentosa Abadi;SA001
133BRM0161;10/06/2022;6595;PT Berkah Makmur;BM001
133SJB0161;10/06/2022;7020;PT Sejahtera Bersama;SB001
133CHI0161;10/06/2022;5831;PT Cahaya Indah;CI001
133MJY0162;11/06/2022;6784;PT Maju Jaya;MJ001
133SAB0162;11/06/2022;5039;PT Sentosa Abadi;SA001
133BRM0162;11/06/2022;6344;PT Berkah Makmur;BM001
133SJB0162;11/06/2022;7065;PT Sejahtera Bersama;SB001
133CHI0162;11/06/2022;6021;PT Cahaya Indah;CI001
133MJY0163;12/06/2022;5680;PT Maju Jaya;MJ001
133SAB0163;12/06/2022;7241;PT Sentosa Abadi;SA001
133BRM0163;12/06/2022;5031;PT Berkah Makmur;BM001
133SJB0163;12/06/2022;7010;PT Sejahtera Bersama;SB001
133CHI0163;12/06/2022;4841;PT Cahaya Indah;CI001
133MJY0164;13/06/2022;5569;PT Maju Jaya;MJ001
133SAB0164;13/06/2022;6919;PT Sentosa Abadi;SA001
133BRM0164;13/06/2022;6552;PT Berkah Makmur;BM001
133SJB0164;13/06/2022;6972;PT Sejahtera Bersama;SB001
133CHI0164;13/06/2022;5918;PT Cahaya Indah;CI001
133MJY0165;14/06/2022;5702;PT Maju Jaya;MJ001
133SAB0165;14/06/2022;7233;PT Sentosa Abadi;SA001
133BRM0165;14/06/2022;5009;PT Berkah Makmur;BM001
133SJB0165;14/06/2022;5091;PT Sejahtera Bersama;SB001
133CHI0165;14/06/2022;7325;PT Cahaya Indah;CI001
133MJY0166;15/06/2022;6749;PT Maju Jaya;MJ001
133SAB0166;15/06/2022;5360;PT Sentosa Abadi;SA001
133BRM0166;15/06/2022;4830;PT Berkah Makmur;BM001
133SJB0166;15/06/2022;6149;PT Sejahtera Bersama;SB001
133CHI0166;15/06/2022;5709;PT Cahaya Indah;CI001
133MJY0167;16/06/2022;4845;PT Maju Jaya;MJ001
133SAB0167;16/06/2022;6732;PT Sentosa Abadi;SA001
133BRM0167;16/06/2022;6661;PT Berkah Makmur;BM001
133SJB0167;16/06/2022;6752;PT Sejahtera Bersama;SB001
133CHI0167;16/06/2022;7003;PT Cahaya Indah;CI001
133MJY0168;17/06/2022;6915;PT Maju Jaya;MJ001
133SAB0168;17/06/2022;4881;PT Sentosa Abadi;SA001
133BRM0168;17/06/2022;6994;PT Berkah Makmur;BM001
133SJB0168;17/06/2022;7185;PT Sejahtera Bersama;SB001
133CHI0168;17/06/2022;6929;PT Cahaya Indah;CI001
133MJY0169;18/06/2022;5940;PT Maju Jaya;MJ001
133SAB0169;18/06/2022;6489;PT Sentosa Abadi;SA001
133BRM0169;18/06/2022;7149;PT Berkah Makmur;BM001
133SJB0169;18/06/2022;5729;PT Sejahtera Bersama;SB001
133CHI0169;18/06/2022;5459;PT Cahaya Indah;CI001
133MJY0170;19/06/2022;6939;PT Maju Jaya;MJ001
133SAB0170;19/06/2022;5185;PT Sentosa Abadi;SA001
133BRM0170;19/06/2022;7240;PT Berkah Makmur;BM001
133SJB0170;19/06/2022;5312;PT Sejahtera Bersama;SB001
133CHI0170;19/06/2022;6019;PT Cahaya Indah;CI001
133MJY0171;20/06/2022;6552;PT Maju Jaya;MJ001
133SAB0171;20/06/2022;4845;PT Sentosa Abadi;SA001
133BRM0171;20/06/2022;7070;PT Berkah Makmur;BM001
133SJB0171;20/06/2022;6787;PT Sejahtera Bersama;SB001
133CHI0171;20/06/2022;5304;PT Cahaya Indah;CI001
133MJY0172;21/06/2022;5689;PT Maju Jaya;MJ001
133SAB0172;21/06/2022;6879;PT Sentosa Abadi;SA001
133BRM0172;21/06/2022;7159;PT Berkah Makmur;BM001
133SJB0172;21/06/2022;5501;PT Sejahtera Bersama;SB001
133CHI0172;21/06/2022;7045;PT Cahaya Indah;CI001
133MJY0173;22/06/2022;6491;PT Maju Jaya;MJ001
133SAB0173;22/06/2022;5752;PT Sentosa Abadi;SA001
133BRM0173;22/06/2022;5039;PT Berkah Makmur;BM001
133SJB0173;22/06/2022;6185;PT Sejahtera Bersama;SB001
133CHI0173;22/06/2022;5185;PT Cahaya Indah;CI001
133MJY0174;23/06/2022;5030;PT Maju Jaya;MJ001
133SAB0174;23/06/2022;7110;PT Sentosa Abadi;SA001
133BRM0174;23/06/2022;7079;PT Berkah Makmur;BM001
133SJB0174;23/06/2022;5575;PT Sejahtera Bersama;SB001
133CHI0174;23/06/2022;6802;PT Cahaya Indah;CI001
133MJY0175;24/06/2022;7310;PT Maju Jaya;MJ001
133SAB0175;24/06/2022;4632;PT Sentosa Abadi;SA001
133BRM0175;24/06/2022;7130;PT Berkah Makmur;BM001
133SJB0175;24/06/2022;7071;PT Sejahtera Bersama;SB001
133CHI0175;24/06/2022;5769;PT Cahaya Indah;CI001
133MJY0176;25/06/2022;7143;PT Maju Jaya;MJ001
133SAB0176;25/06/2022;5290;PT Sentosa Abadi;SA001
133BRM0176;25/06/2022;5382;PT Berkah Makmur;BM001
133SJB0176;25/06/2022;6999;PT Sejahtera Bersama;SB001
133CHI0176;25/06/2022;5845;PT Cahaya Indah;CI001
133MJY0177;26/06/2022;5291;PT Maju Jaya;MJ001
133SAB0177;26/06/2022;6901;PT Sentosa Abadi;SA001
133BRM0177;26/06/2022;5723;PT Berkah Makmur;BM001
133SJB0177;26/06/2022;5600;PT Sejahtera Bersama;SB001
133CHI0177;26/06/2022;5271;PT Cahaya Indah;CI001
133MJY0178;27/06/2022;6750;PT Maju Jaya;MJ001
133SAB0178;27/06/2022;5360;PT Sentosa Abadi;SA001
133BRM0178;27/06/2022;5619;PT Berkah Makmur;BM001
133SJB0178;27/06/2022;6835;PT Sejahtera Bersama;SB001
133CHI0178;27/06/2022;5775;PT Cahaya Indah;CI001
133MJY0179;28/06/2022;7169;PT Maju Jaya;MJ001
133SAB0179;28/06/2022;5279;PT Sentosa Abadi;SA001
133BRM0179;28/06/2022;5272;PT Berkah Makmur;BM001
133SJB0179;28/06/2022;6692;PT Sejahtera Bersama;SB001
133CHI0179;28/06/2022;7310;PT Cahaya Indah;CI001
133MJY0180;29/06/2022;6745;PT Maju Jaya;MJ001
133SAB0180;29/06/2022;6169;PT Sentosa Abadi;SA001
133BRM0180;29/06/2022;6092;PT Berkah Makmur;BM001
133SJB0180;29/06/2022;5612;PT Sejahtera Bersama;SB001
133CHI0180;29/06/2022;6001;PT Cahaya Indah;CI001
133MJY0181;30/06/2022;6479;PT Maju Jaya;MJ001
133SAB0181;30/06/2022;6300;PT Sentosa Abadi;SA001
133BRM0181;30/06/2022;5556;PT Berkah Makmur;BM001
133SJB0181;30/06/2022;6920;PT Sejahtera Bersama;SB001
133CHI0181;30/06/2022;6020;PT Cahaya Indah;CI001

133MJY0182;01/07/2022;5500;PT Maju Jaya;MJ001
133SAB0182;01/07/2022;5550;PT Sentosa Abadi;SA001
133BRM0182;01/07/2022;5600;PT Berkah Makmur;BM001
133SJB0182;01/07/2022;5650;PT Sejahtera Bersama;SB001
133CHI0182;01/07/2022;5550;PT Cahaya Indah;CI001
133MJY0183;02/07/2022;5500;PT Maju Jaya;MJ001
133SAB0183;02/07/2022;5550;PT Sentosa Abadi;SA001
133BRM0183;02/07/2022;5600;PT Berkah Makmur;BM001
133SJB0183;02/07/2022;5650;PT Sejahtera Bersama;SB001
133CHI0183;02/07/2022;5550;PT Cahaya Indah;CI001
133MJY0184;03/07/2022;5500;PT Maju Jaya;MJ001
133SAB0184;03/07/2022;5550;PT Sentosa Abadi;SA001
133BRM0184;03/07/2022;5600;PT Berkah Makmur;BM001
133SJB0184;03/07/2022;5650;PT Sejahtera Bersama;SB001
133CHI0184;03/07/2022;5550;PT Cahaya Indah;CI001
133MJY0185;04/07/2022;5500;PT Maju Jaya;MJ001
133SAB0185;04/07/2022;5550;PT Sentosa Abadi;SA001
133BRM0185;04/07/2022;5600;PT Berkah Makmur;BM001
133SJB0185;04/07/2022;5650;PT Sejahtera Bersama;SB001
133CHI0185;04/07/2022;5550;PT Cahaya Indah;CI001
133MJY0186;05/07/2022;5500;PT Maju Jaya;MJ001
133SAB0186;05/07/2022;5550;PT Sentosa Abadi;SA001
133BRM0186;05/07/2022;5600;PT Berkah Makmur;BM001
133SJB0186;05/07/2022;5650;PT Sejahtera Bersama;SB001
133CHI0186;05/07/2022;5550;PT Cahaya Indah;CI001
133MJY0187;06/07/2022;5500;PT Maju Jaya;MJ001
133SAB0187;06/07/2022;5550;PT Sentosa Abadi;SA001
133BRM0187;06/07/2022;5600;PT Berkah Makmur;BM001
133SJB0187;06/07/2022;5650;PT Sejahtera Bersama;SB001
133CHI0187;06/07/2022;5550;PT Cahaya Indah;CI001
133MJY0188;07/07/2022;5500;PT Maju Jaya;MJ001
133SAB0188;07/07/2022;5550;PT Sentosa Abadi;SA001
133BRM0188;07/07/2022;5600;PT Berkah Makmur;BM001
133SJB0188;07/07/2022;5650;PT Sejahtera Bersama;SB001
133CHI0188;07/07/2022;5550;PT Cahaya Indah;CI001
133MJY0189;08/07/2022;5500;PT Maju Jaya;MJ001
133SAB0189;08/07/2022;5550;PT Sentosa Abadi;SA001
133BRM0189;08/07/2022;5600;PT Berkah Makmur;BM001
133SJB0189;08/07/2022;5650;PT Sejahtera Bersama;SB001
133CHI0189;08/07/2022;5550;PT Cahaya Indah;CI001
133MJY0190;09/07/2022;5500;PT Maju Jaya;MJ001
133SAB0190;09/07/2022;5550;PT Sentosa Abadi;SA001
133BRM0190;09/07/2022;5600;PT Berkah Makmur;BM001
133SJB0190;09/07/2022;5650;PT Sejahtera Bersama;SB001
133CHI0190;09/07/2022;5550;PT Cahaya Indah;CI001
133MJY0191;10/07/2022;5500;PT Maju Jaya;MJ001
133SAB0191;10/07/2022;5550;PT Sentosa Abadi;SA001
133BRM0191;10/07/2022;5600;PT Berkah Makmur;BM001
133SJB0191;10/07/2022;5650;PT Sejahtera Bersama;SB001
133CHI0191;10/07/2022;5550;PT Cahaya Indah;CI001
133MJY0192;11/07/2022;5500;PT Maju Jaya;MJ001
133SAB0192;11/07/2022;5550;PT Sentosa Abadi;SA001
133BRM0192;11/07/2022;5600;PT Berkah Makmur;BM001
133SJB0192;11/07/2022;5650;PT Sejahtera Bersama;SB001
133CHI0192;11/07/2022;5550;PT Cahaya Indah;CI001
133MJY0193;12/07/2022;5500;PT Maju Jaya;MJ001
133SAB0193;12/07/2022;5550;PT Sentosa Abadi;SA001
133BRM0193;12/07/2022;5600;PT Berkah Makmur;BM001
133SJB0193;12/07/2022;5650;PT Sejahtera Bersama;SB001
133CHI0193;12/07/2022;5550;PT Cahaya Indah;CI001
133MJY0194;13/07/2022;5500;PT Maju Jaya;MJ001
133SAB0194;13/07/2022;5550;PT Sentosa Abadi;SA001
133BRM0194;13/07/2022;5600;PT Berkah Makmur;BM001
133SJB0194;13/07/2022;5650;PT Sejahtera Bersama;SB001
133CHI0194;13/07/2022;5550;PT Cahaya Indah;CI001
133MJY0195;14/07/2022;5500;PT Maju Jaya;MJ001
133SAB0195;14/07/2022;5550;PT Sentosa Abadi;SA001
133BRM0195;14/07/2022;5600;PT Berkah Makmur;BM001
133SJB0195;14/07/2022;5650;PT Sejahtera Bersama;SB001
133CHI0195;14/07/2022;5550;PT Cahaya Indah;CI001
133MJY0196;15/07/2022;5500;PT Maju Jaya;MJ001
133SAB0196;15/07/2022;5550;PT Sentosa Abadi;SA001
133BRM0196;15/07/2022;5600;PT Berkah Makmur;BM001
133SJB0196;15/07/2022;5650;PT Sejahtera Bersama;SB001
133CHI0196;15/07/2022;5550;PT Cahaya Indah;CI001
133MJY0197;16/07/2022;5500;PT Maju Jaya;MJ001
133SAB0197;16/07/2022;5550;PT Sentosa Abadi;SA001
133BRM0197;16/07/2022;5600;PT Berkah Makmur;BM001
133SJB0197;16/07/2022;5650;PT Sejahtera Bersama;SB001
133CHI0197;16/07/2022;5550;PT Cahaya Indah;CI001
133MJY0198;17/07/2022;5500;PT Maju Jaya;MJ001
133SAB0198;17/07/2022;5550;PT Sentosa Abadi;SA001
133BRM0198;17/07/2022;5600;PT Berkah Makmur;BM001
133SJB0198;17/07/2022;5650;PT Sejahtera Bersama;SB001
133CHI0198;17/07/2022;5550;PT Cahaya Indah;CI001
133MJY0199;18/07/2022;5500;PT Maju Jaya;MJ001
133SAB0199;18/07/2022;5550;PT Sentosa Abadi;SA001
133BRM0199;18/07/2022;5600;PT Berkah Makmur;BM001
133SJB0199;18/07/2022;5650;PT Sejahtera Bersama;SB001
133CHI0199;18/07/2022;5550;PT Cahaya Indah;CI001
133MJY0200;19/07/2022;5500;PT Maju Jaya;MJ001
133SAB0200;19/07/2022;5550;PT Sentosa Abadi;SA001
133BRM0200;19/07/2022;5600;PT Berkah Makmur;BM001
133SJB0200;19/07/2022;5650;PT Sejahtera Bersama;SB001
133CHI0200;19/07/2022;5550;PT Cahaya Indah;CI001
133MJY0201;20/07/2022;5500;PT Maju Jaya;MJ001
133SAB0201;20/07/2022;5550;PT Sentosa Abadi;SA001
133BRM0201;20/07/2022;5600;PT Berkah Makmur;BM001
133SJB0201;20/07/2022;5650;PT Sejahtera Bersama;SB001
133CHI0201;20/07/2022;5550;PT Cahaya Indah;CI001
133MJY0202;21/07/2022;5500;PT Maju Jaya;MJ001
133SAB0202;21/07/2022;5550;PT Sentosa Abadi;SA001
133BRM0202;21/07/2022;5600;PT Berkah Makmur;BM001
133SJB0202;21/07/2022;5650;PT Sejahtera Bersama;SB001
133CHI0202;21/07/2022;5550;PT Cahaya Indah;CI001
133MJY0203;22/07/2022;5500;PT Maju Jaya;MJ001
133SAB0203;22/07/2022;5550;PT Sentosa Abadi;SA001
133BRM0203;22/07/2022;5600;PT Berkah Makmur;BM001
133SJB0203;22/07/2022;5650;PT Sejahtera Bersama;SB001
133CHI0203;22/07/2022;5550;PT Cahaya Indah;CI001
133MJY0204;23/07/2022;5500;PT Maju Jaya;MJ001
133SAB0204;23/07/2022;5550;PT Sentosa Abadi;SA001
133BRM0204;23/07/2022;5600;PT Berkah Makmur;BM001
133SJB0204;23/07/2022;5650;PT Sejahtera Bersama;SB001
133CHI0204;23/07/2022;5550;PT Cahaya Indah;CI001
133MJY0205;24/07/2022;5500;PT Maju Jaya;MJ001
133SAB0205;24/07/2022;5550;PT Sentosa Abadi;SA001
133BRM0205;24/07/2022;5600;PT Berkah Makmur;BM001
133SJB0205;24/07/2022;5650;PT Sejahtera Bersama;SB001
133CHI0205;24/07/2022;5550;PT Cahaya Indah;CI001
133MJY0206;25/07/2022;5500;PT Maju Jaya;MJ001
133SAB0206;25/07/2022;5550;PT Sentosa Abadi;SA001
133BRM0206;25/07/2022;5600;PT Berkah Makmur;BM001
133SJB0206;25/07/2022;5650;PT Sejahtera Bersama;SB001
133CHI0206;25/07/2022;5550;PT Cahaya Indah;CI001
133MJY0207;26/07/2022;5500;PT Maju Jaya;MJ001
133SAB0207;26/07/2022;5550;PT Sentosa Abadi;SA001
133BRM0207;26/07/2022;5600;PT Berkah Makmur;BM001
133SJB0207;26/07/2022;5650;PT Sejahtera Bersama;SB001
133CHI0207;26/07/2022;5550;PT Cahaya Indah;CI001
133MJY0208;27/07/2022;5500;PT Maju Jaya;MJ001
133SAB0208;27/07/2022;5550;PT Sentosa Abadi;SA001
133BRM0208;27/07/2022;5600;PT Berkah Makmur;BM001
133SJB0208;27/07/2022;5650;PT Sejahtera Bersama;SB001
133CHI0208;27/07/2022;5550;PT Cahaya Indah;CI001
133MJY0209;28/07/2022;5500;PT Maju Jaya;MJ001
133SAB0209;28/07/2022;5550;PT Sentosa Abadi;SA001
133BRM0209;28/07/2022;5600;PT Berkah Makmur;BM001
133SJB0209;28/07/2022;5650;PT Sejahtera Bersama;SB001
133CHI0209;28/07/2022;5550;PT Cahaya Indah;CI001
133MJY0210;29/07/2022;5500;PT Maju Jaya;MJ001
133SAB0210;29/07/2022;5550;PT Sentosa Abadi;SA001
133BRM0210;29/07/2022;5600;PT Berkah Makmur;BM001
133SJB0210;29/07/2022;5650;PT Sejahtera Bersama;SB001
133CHI0210;29/07/2022;5550;PT Cahaya Indah;CI001
133MJY0211;30/07/2022;5500;PT Maju Jaya;MJ001
133SAB0211;30/07/2022;5550;PT Sentosa Abadi;SA001
133BRM0211;30/07/2022;5600;PT Berkah Makmur;BM001
133SJB0211;30/07/2022;5650;PT Sejahtera Bersama;SB001
133CHI0211;30/07/2022;5550;PT Cahaya Indah;CI001
133MJY0212;31/07/2022;5500;PT Maju Jaya;MJ001
133SAB0212;31/07/2022;5550;PT Sentosa Abadi;SA001
133BRM0212;31/07/2022;5600;PT Berkah Makmur;BM001
133SJB0212;31/07/2022;5650;PT Sejahtera Bersama;SB001
133CHI0212;31/07/2022;5550;PT Cahaya Indah;CI001

133MJY0213;01/08/2022;6174;PT Maju Jaya;MJ001
133SAB0213;01/08/2022;6957;PT Sentosa Abadi;SA001
133BRM0213;01/08/2022;5832;PT Berkah Makmur;BM001
133SJB0213;01/08/2022;6279;PT Sejahtera Bersama;SB001
133CHI0213;01/08/2022;6055;PT Cahaya Indah;CI001
133MJY0214;02/08/2022;6886;PT Maju Jaya;MJ001
133SAB0214;02/08/2022;6195;PT Sentosa Abadi;SA001
133BRM0214;02/08/2022;4763;PT Berkah Makmur;BM001
133SJB0214;02/08/2022;7619;PT Sejahtera Bersama;SB001
133CHI0214;02/08/2022;5441;PT Cahaya Indah;CI001
133MJY0215;03/08/2022;5147;PT Maju Jaya;MJ001
133SAB0215;03/08/2022;6186;PT Sentosa Abadi;SA001
133BRM0215;03/08/2022;7547;PT Berkah Makmur;BM001
133SJB0215;03/08/2022;4778;PT Sejahtera Bersama;SB001
133CHI0215;03/08/2022;6129;PT Cahaya Indah;CI001
133MJY0216;04/08/2022;4972;PT Maju Jaya;MJ001
133SAB0216;04/08/2022;5481;PT Sentosa Abadi;SA001
133BRM0216;04/08/2022;6688;PT Berkah Makmur;BM001
133SJB0216;04/08/2022;5944;PT Sejahtera Bersama;SB001
133CHI0216;04/08/2022;6637;PT Cahaya Indah;CI001
133MJY0217;05/08/2022;5650;PT Maju Jaya;MJ001
133SAB0217;05/08/2022;6683;PT Sentosa Abadi;SA001
133BRM0217;05/08/2022;5650;PT Berkah Makmur;BM001
133SJB0217;05/08/2022;7648;PT Sejahtera Bersama;SB001
133CHI0217;05/08/2022;6067;PT Cahaya Indah;CI001
133MJY0218;06/08/2022;6207;PT Maju Jaya;MJ001
133SAB0218;06/08/2022;7220;PT Sentosa Abadi;SA001
133BRM0218;06/08/2022;7268;PT Berkah Makmur;BM001
133SJB0218;06/08/2022;6450;PT Sejahtera Bersama;SB001
133CHI0218;06/08/2022;4919;PT Cahaya Indah;CI001
133MJY0219;07/08/2022;6652;PT Maju Jaya;MJ001
133SAB0219;07/08/2022;6019;PT Sentosa Abadi;SA001
133BRM0219;07/08/2022;4786;PT Berkah Makmur;BM001
133SJB0219;07/08/2022;6043;PT Sejahtera Bersama;SB001
133CHI0219;07/08/2022;5547;PT Cahaya Indah;CI001
133MJY0220;08/08/2022;7150;PT Maju Jaya;MJ001
133SAB0220;08/08/2022;5426;PT Sentosa Abadi;SA001
133BRM0220;08/08/2022;5763;PT Berkah Makmur;BM001
133SJB0220;08/08/2022;6413;PT Sejahtera Bersama;SB001
133CHI0220;08/08/2022;5550;PT Cahaya Indah;CI001
133MJY0221;09/08/2022;6521;PT Maju Jaya;MJ001
133SAB0221;09/08/2022;6555;PT Sentosa Abadi;SA001
133BRM0221;09/08/2022;6804;PT Berkah Makmur;BM001
133SJB0221;09/08/2022;4817;PT Sejahtera Bersama;SB001
133CHI0221;09/08/2022;5772;PT Cahaya Indah;CI001
133MJY0222;10/08/2022;6012;PT Maju Jaya;MJ001
133SAB0222;10/08/2022;6878;PT Sentosa Abadi;SA001
133BRM0222;10/08/2022;4990;PT Berkah Makmur;BM001
133SJB0222;10/08/2022;4705;PT Sejahtera Bersama;SB001
133CHI0222;10/08/2022;5724;PT Cahaya Indah;CI001
133MJY0223;11/08/2022;5830;PT Maju Jaya;MJ001
133SAB0223;11/08/2022;5948;PT Sentosa Abadi;SA001
133BRM0223;11/08/2022;5889;PT Berkah Makmur;BM001
133SJB0223;11/08/2022;4615;PT Sejahtera Bersama;SB001
133CHI0223;11/08/2022;7483;PT Cahaya Indah;CI001
133MJY0224;12/08/2022;5295;PT Maju Jaya;MJ001
133SAB0224;12/08/2022;4720;PT Sentosa Abadi;SA001
133BRM0224;12/08/2022;5832;PT Berkah Makmur;BM001
133SJB0224;12/08/2022;5687;PT Sejahtera Bersama;SB001
133CHI0224;12/08/2022;7249;PT Cahaya Indah;CI001
133MJY0225;13/08/2022;5311;PT Maju Jaya;MJ001
133SAB0225;13/08/2022;5795;PT Sentosa Abadi;SA001
133BRM0225;13/08/2022;6861;PT Berkah Makmur;BM001
133SJB0225;13/08/2022;4728;PT Sejahtera Bersama;SB001
133CHI0225;13/08/2022;5892;PT Cahaya Indah;CI001
133MJY0226;14/08/2022;4982;PT Maju Jaya;MJ001
133SAB0226;14/08/2022;6039;PT Sentosa Abadi;SA001
133BRM0226;14/08/2022;4725;PT Berkah Makmur;BM001
133SJB0226;14/08/2022;6313;PT Sejahtera Bersama;SB001
133CHI0226;14/08/2022;5891;PT Cahaya Indah;CI001
133MJY0227;15/08/2022;6014;PT Maju Jaya;MJ001
133SAB0227;15/08/2022;6013;PT Sentosa Abadi;SA001
133BRM0227;15/08/2022;5968;PT Berkah Makmur;BM001
133SJB0227;15/08/2022;6495;PT Sejahtera Bersama;SB001
133CHI0227;15/08/2022;4611;PT Cahaya Indah;CI001
133MJY0228;16/08/2022;6485;PT Maju Jaya;MJ001
133SAB0228;16/08/2022;6410;PT Sentosa Abadi;SA001
133BRM0228;16/08/2022;6745;PT Berkah Makmur;BM001
133SJB0228;16/08/2022;4877;PT Sejahtera Bersama;SB001
133CHI0228;16/08/2022;6630;PT Cahaya Indah;CI001
133MJY0229;17/08/2022;7169;PT Maju Jaya;MJ001
133SAB0229;17/08/2022;5528;PT Sentosa Abadi;SA001
133BRM0229;17/08/2022;4797;PT Berkah Makmur;BM001
133SJB0229;17/08/2022;4671;PT Sejahtera Bersama;SB001
133CHI0229;17/08/2022;6875;PT Cahaya Indah;CI001
133MJY0230;18/08/2022;6349;PT Maju Jaya;MJ001
133SAB0230;18/08/2022;5695;PT Sentosa Abadi;SA001
133BRM0230;18/08/2022;5224;PT Berkah Makmur;BM001
133SJB0230;18/08/2022;4883;PT Sejahtera Bersama;SB001
133CHI0230;18/08/2022;5209;PT Cahaya Indah;CI001
133MJY0231;19/08/2022;5027;PT Maju Jaya;MJ001
133SAB0231;19/08/2022;6750;PT Sentosa Abadi;SA001
133BRM0231;19/08/2022;5672;PT Berkah Makmur;BM001
133SJB0231;19/08/2022;4941;PT Sejahtera Bersama;SB001
133CHI0231;19/08/2022;5250;PT Cahaya Indah;CI001
133MJY0232;20/08/2022;6455;PT Maju Jaya;MJ001
133SAB0232;20/08/2022;7310;PT Sentosa Abadi;SA001
133BRM0232;20/08/2022;4590;PT Berkah Makmur;BM001
133SJB0232;20/08/2022;5809;PT Sejahtera Bersama;SB001
133CHI0232;20/08/2022;7252;PT Cahaya Indah;CI001
133MJY0233;21/08/2022;5672;PT Maju Jaya;MJ001
133SAB0233;21/08/2022;6186;PT Sentosa Abadi;SA001
133BRM0233;21/08/2022;4579;PT Berkah Makmur;BM001
133SJB0233;21/08/2022;7580;PT Sejahtera Bersama;SB001
133CHI0233;21/08/2022;5671;PT Cahaya Indah;CI001
133MJY0234;22/08/2022;5756;PT Maju Jaya;MJ001
133SAB0234;22/08/2022;6735;PT Sentosa Abadi;SA001
133BRM0234;22/08/2022;5090;PT Berkah Makmur;BM001
133SJB0234;22/08/2022;6265;PT Sejahtera Bersama;SB001
133CHI0234;22/08/2022;5628;PT Cahaya Indah;CI001
133MJY0235;23/08/2022;5683;PT Maju Jaya;MJ001
133SAB0235;23/08/2022;6108;PT Sentosa Abadi;SA001
133BRM0235;23/08/2022;6655;PT Berkah Makmur;BM001
133SJB0235;23/08/2022;6255;PT Sejahtera Bersama;SB001
133CHI0235;23/08/2022;4947;PT Cahaya Indah;CI001
133MJY0236;24/08/2022;6247;PT Maju Jaya;MJ001
133SAB0236;24/08/2022;5390;PT Sentosa Abadi;SA001
133BRM0236;24/08/2022;7745;PT Berkah Makmur;BM001
133SJB0236;24/08/2022;5272;PT Sejahtera Bersama;SB001
133CHI0236;24/08/2022;6463;PT Cahaya Indah;CI001
133MJY0237;25/08/2022;5403;PT Maju Jaya;MJ001
133SAB0237;25/08/2022;6272;PT Sentosa Abadi;SA001
133BRM0237;25/08/2022;5553;PT Berkah Makmur;BM001
133SJB0237;25/08/2022;6551;PT Sejahtera Bersama;SB001
133CHI0237;25/08/2022;4858;PT Cahaya Indah;CI001
133MJY0238;26/08/2022;5091;PT Maju Jaya;MJ001
133SAB0238;26/08/2022;6642;PT Sentosa Abadi;SA001
133BRM0238;26/08/2022;4680;PT Berkah Makmur;BM001
133SJB0238;26/08/2022;5279;PT Sejahtera Bersama;SB001
133CHI0238;26/08/2022;4701;PT Cahaya Indah;CI001
133MJY0239;27/08/2022;7450;PT Maju Jaya;MJ001
133SAB0239;27/08/2022;4563;PT Sentosa Abadi;SA001
133BRM0239;27/08/2022;6513;PT Berkah Makmur;BM001
133SJB0239;27/08/2022;4836;PT Sejahtera Bersama;SB001
133CHI0239;27/08/2022;5014;PT Cahaya Indah;CI001
133MJY0240;28/08/2022;4642;PT Maju Jaya;MJ001
133SAB0240;28/08/2022;7443;PT Sentosa Abadi;SA001
133BRM0240;28/08/2022;5075;PT Berkah Makmur;BM001
133SJB0240;28/08/2022;5757;PT Sejahtera Bersama;SB001
133CHI0240;28/08/2022;6440;PT Cahaya Indah;CI001
133MJY0241;29/08/2022;5509;PT Maju Jaya;MJ001
133SAB0241;29/08/2022;6918;PT Sentosa Abadi;SA001
133BRM0241;29/08/2022;5466;PT Berkah Makmur;BM001
133SJB0241;29/08/2022;6422;PT Sejahtera Bersama;SB001
133CHI0241;29/08/2022;4905;PT Cahaya Indah;CI001
133MJY0242;30/08/2022;4672;PT Maju Jaya;MJ001
133SAB0242;30/08/2022;7677;PT Sentosa Abadi;SA001
133BRM0242;30/08/2022;5944;PT Berkah Makmur;BM001
133SJB0242;30/08/2022;5578;PT Sejahtera Bersama;SB001
133CHI0242;30/08/2022;4681;PT Cahaya Indah;CI001
133MJY0243;31/08/2022;5402;PT Maju Jaya;MJ001
133SAB0243;31/08/2022;7525;PT Sentosa Abadi;SA001
133BRM0243;31/08/2022;5636;PT Berkah Makmur;BM001
133SJB0243;31/08/2022;5151;PT Sejahtera Bersama;SB001
133CHI0243;31/08/2022;5860;PT Cahaya Indah;CI001
133MJY0244;01/09/2022;550;PT Maju Jaya;MJ001
133SAB0244;01/09/2022;750;PT Sentosa Abadi;SA001
133BRM0244;01/09/2022;750;PT Berkah Makmur;BM001
133SJB0244;01/09/2022;750;PT Sejahtera Bersama;SB001
133CHI0244;01/09/2022;750;PT Cahaya Indah;CI001
133MJY0245;02/09/2022;550;PT Maju Jaya;MJ001
133SAB0245;02/09/2022;750;PT Sentosa Abadi;SA001
133BRM0245;02/09/2022;750;PT Berkah Makmur;BM001
133SJB0245;02/09/2022;750;PT Sejahtera Bersama;SB001
133CHI0245;02/09/2022;750;PT Cahaya Indah;CI001
133MJY0246;03/09/2022;550;PT Maju Jaya;MJ001
133SAB0246;03/09/2022;750;PT Sentosa Abadi;SA001
133BRM0246;03/09/2022;750;PT Berkah Makmur;BM001
133SJB0246;03/09/2022;750;PT Sejahtera Bersama;SB001
133CHI0246;03/09/2022;750;PT Cahaya Indah;CI001
133MJY0247;04/09/2022;550;PT Maju Jaya;MJ001
133SAB0247;04/09/2022;750;PT Sentosa Abadi;SA001
133BRM0247;04/09/2022;750;PT Berkah Makmur;BM001
133SJB0247;04/09/2022;750;PT Sejahtera Bersama;SB001
133CHI0247;04/09/2022;750;PT Cahaya Indah;CI001
133MJY0248;05/09/2022;550;PT Maju Jaya;MJ001
133SAB0248;05/09/2022;750;PT Sentosa Abadi;SA001
133BRM0248;05/09/2022;750;PT Berkah Makmur;BM001
133SJB0248;05/09/2022;750;PT Sejahtera Bersama;SB001
133CHI0248;05/09/2022;750;PT Cahaya Indah;CI001
133MJY0249;06/09/2022;550;PT Maju Jaya;MJ001
133SAB0249;06/09/2022;750;PT Sentosa Abadi;SA001
133BRM0249;06/09/2022;750;PT Berkah Makmur;BM001
133SJB0249;06/09/2022;750;PT Sejahtera Bersama;SB001
133CHI0249;06/09/2022;750;PT Cahaya Indah;CI001
133MJY0250;07/09/2022;550;PT Maju Jaya;MJ001
133SAB0250;07/09/2022;750;PT Sentosa Abadi;SA001
133BRM0250;07/09/2022;750;PT Berkah Makmur;BM001
133SJB0250;07/09/2022;750;PT Sejahtera Bersama;SB001
133CHI0250;07/09/2022;750;PT Cahaya Indah;CI001
133MJY0251;08/09/2022;550;PT Maju Jaya;MJ001
133SAB0251;08/09/2022;750;PT Sentosa Abadi;SA001
133BRM0251;08/09/2022;750;PT Berkah Makmur;BM001
133SJB0251;08/09/2022;750;PT Sejahtera Bersama;SB001
133CHI0251;08/09/2022;750;PT Cahaya Indah;CI001
133MJY0252;09/09/2022;550;PT Maju Jaya;MJ001
133SAB0252;09/09/2022;750;PT Sentosa Abadi;SA001
133BRM0252;09/09/2022;750;PT Berkah Makmur;BM001
133SJB0252;09/09/2022;750;PT Sejahtera Bersama;SB001
133CHI0252;09/09/2022;750;PT Cahaya Indah;CI001
133MJY0253;10/09/2022;550;PT Maju Jaya;MJ001
133SAB0253;10/09/2022;750;PT Sentosa Abadi;SA001
133BRM0253;10/09/2022;750;PT Berkah Makmur;BM001
133SJB0253;10/09/2022;750;PT Sejahtera Bersama;SB001
133CHI0253;10/09/2022;750;PT Cahaya Indah;CI001
133MJY0254;11/09/2022;550;PT Maju Jaya;MJ001
133SAB0254;11/09/2022;750;PT Sentosa Abadi;SA001
133BRM0254;11/09/2022;750;PT Berkah Makmur;BM001
133SJB0254;11/09/2022;750;PT Sejahtera Bersama;SB001
133CHI0254;11/09/2022;750;PT Cahaya Indah;CI001
133MJY0255;12/09/2022;550;PT Maju Jaya;MJ001
133SAB0255;12/09/2022;750;PT Sentosa Abadi;SA001
133BRM0255;12/09/2022;750;PT Berkah Makmur;BM001
133SJB0255;12/09/2022;750;PT Sejahtera Bersama;SB001
133CHI0255;12/09/2022;750;PT Cahaya Indah;CI001
133MJY0256;13/09/2022;550;PT Maju Jaya;MJ001
133SAB0256;13/09/2022;750;PT Sentosa Abadi;SA001
133BRM0256;13/09/2022;750;PT Berkah Makmur;BM001
133SJB0256;13/09/2022;750;PT Sejahtera Bersama;SB001
133CHI0256;13/09/2022;750;PT Cahaya Indah;CI001
133MJY0257;14/09/2022;550;PT Maju Jaya;MJ001
133SAB0257;14/09/2022;750;PT Sentosa Abadi;SA001
133BRM0257;14/09/2022;750;PT Berkah Makmur;BM001
133SJB0257;14/09/2022;750;PT Sejahtera Bersama;SB001
133CHI0257;14/09/2022;750;PT Cahaya Indah;CI001
133MJY0258;15/09/2022;550;PT Maju Jaya;MJ001
133SAB0258;15/09/2022;750;PT Sentosa Abadi;SA001
133BRM0258;15/09/2022;750;PT Berkah Makmur;BM001
133SJB0258;15/09/2022;750;PT Sejahtera Bersama;SB001
133CHI0258;15/09/2022;750;PT Cahaya Indah;CI001
133MJY0259;16/09/2022;550;PT Maju Jaya;MJ001
133SAB0259;16/09/2022;750;PT Sentosa Abadi;SA001
133BRM0259;16/09/2022;750;PT Berkah Makmur;BM001
133SJB0259;16/09/2022;750;PT Sejahtera Bersama;SB001
133CHI0259;16/09/2022;750;PT Cahaya Indah;CI001
133MJY0260;17/09/2022;550;PT Maju Jaya;MJ001
133SAB0260;17/09/2022;750;PT Sentosa Abadi;SA001
133BRM0260;17/09/2022;750;PT Berkah Makmur;BM001
133SJB0260;17/09/2022;750;PT Sejahtera Bersama;SB001
133CHI0260;17/09/2022;750;PT Cahaya Indah;CI001
133MJY0261;18/09/2022;550;PT Maju Jaya;MJ001
133SAB0261;18/09/2022;750;PT Sentosa Abadi;SA001
133BRM0261;18/09/2022;750;PT Berkah Makmur;BM001
133SJB0261;18/09/2022;750;PT Sejahtera Bersama;SB001
133CHI0261;18/09/2022;750;PT Cahaya Indah;CI001
133MJY0262;19/09/2022;550;PT Maju Jaya;MJ001
133SAB0262;19/09/2022;750;PT Sentosa Abadi;SA001
133BRM0262;19/09/2022;750;PT Berkah Makmur;BM001
133SJB0262;19/09/2022;750;PT Sejahtera Bersama;SB001
133CHI0262;19/09/2022;750;PT Cahaya Indah;CI001
133MJY0263;20/09/2022;550;PT Maju Jaya;MJ001
133SAB0263;20/09/2022;750;PT Sentosa Abadi;SA001
133BRM0263;20/09/2022;750;PT Berkah Makmur;BM001
133SJB0263;20/09/2022;750;PT Sejahtera Bersama;SB001
133CHI0263;20/09/2022;750;PT Cahaya Indah;CI001
133MJY0264;21/09/2022;550;PT Maju Jaya;MJ001
133SAB0264;21/09/2022;750;PT Sentosa Abadi;SA001
133BRM0264;21/09/2022;750;PT Berkah Makmur;BM001
133SJB0264;21/09/2022;750;PT Sejahtera Bersama;SB001
133CHI0264;21/09/2022;750;PT Cahaya Indah;CI001
133MJY0265;22/09/2022;550;PT Maju Jaya;MJ001
133SAB0265;22/09/2022;750;PT Sentosa Abadi;SA001
133BRM0265;22/09/2022;750;PT Berkah Makmur;BM001
133SJB0265;22/09/2022;750;PT Sejahtera Bersama;SB001
133CHI0265;22/09/2022;750;PT Cahaya Indah;CI001
133MJY0266;23/09/2022;550;PT Maju Jaya;MJ001
133SAB0266;23/09/2022;750;PT Sentosa Abadi;SA001
133BRM0266;23/09/2022;750;PT Berkah Makmur;BM001
133SJB0266;23/09/2022;750;PT Sejahtera Bersama;SB001
133CHI0266;23/09/2022;750;PT Cahaya Indah;CI001
133MJY0267;24/09/2022;550;PT Maju Jaya;MJ001
133SAB0267;24/09/2022;750;PT Sentosa Abadi;SA001
133BRM0267;24/09/2022;750;PT Berkah Makmur;BM001
133SJB0267;24/09/2022;750;PT Sejahtera Bersama;SB001
133CHI0267;24/09/2022;750;PT Cahaya Indah;CI001
133MJY0268;25/09/2022;550;PT Maju Jaya;MJ001
133SAB0268;25/09/2022;750;PT Sentosa Abadi;SA001
133BRM0268;25/09/2022;750;PT Berkah Makmur;BM001
133SJB0268;25/09/2022;750;PT Sejahtera Bersama;SB001
133CHI0268;25/09/2022;750;PT Cahaya Indah;CI001
133MJY0269;26/09/2022;550;PT Maju Jaya;MJ001
133SAB0269;26/09/2022;750;PT Sentosa Abadi;SA001
133BRM0269;26/09/2022;750;PT Berkah Makmur;BM001
133SJB0269;26/09/2022;750;PT Sejahtera Bersama;SB001
133CHI0269;26/09/2022;750;PT Cahaya Indah;CI001
133MJY0270;27/09/2022;550;PT Maju Jaya;MJ001
133SAB0270;27/09/2022;750;PT Sentosa Abadi;SA001
133BRM0270;27/09/2022;750;PT Berkah Makmur;BM001
133SJB0270;27/09/2022;750;PT Sejahtera Bersama;SB001
133CHI0270;27/09/2022;750;PT Cahaya Indah;CI001
133MJY0271;28/09/2022;550;PT Maju Jaya;MJ001
133SAB0271;28/09/2022;750;PT Sentosa Abadi;SA001
133BRM0271;28/09/2022;750;PT Berkah Makmur;BM001
133SJB0271;28/09/2022;750;PT Sejahtera Bersama;SB001
133CHI0271;28/09/2022;750;PT Cahaya Indah;CI001
133MJY0272;29/09/2022;550;PT Maju Jaya;MJ001
133SAB0272;29/09/2022;750;PT Sentosa Abadi;SA001
133BRM0272;29/09/2022;750;PT Berkah Makmur;BM001
133SJB0272;29/09/2022;750;PT Sejahtera Bersama;SB001
133CHI0272;29/09/2022;750;PT Cahaya Indah;CI001
133MJY0273;30/09/2022;550;PT Maju Jaya;MJ001
133SAB0273;30/09/2022;750;PT Sentosa Abadi;SA001
133BRM0273;30/09/2022;750;PT Berkah Makmur;BM001
133SJB0273;30/09/2022;750;PT Sejahtera Bersama;SB001
133CHI0273;30/09/2022;750;PT Cahaya Indah;CI001

133MJY0274;01/10/2022;5500;PT Maju Jaya;MJ001
133SAB0274;01/10/2022;5550;PT Sentosa Abadi;SA001
133BRM0274;01/10/2022;5600;PT Berkah Makmur;BM001
133SJB0274;01/10/2022;5650;PT Sejahtera Bersama;SB001
133CHI0274;01/10/2022;5550;PT Cahaya Indah;CI001
133MJY0275;02/10/2022;5500;PT Maju Jaya;MJ001
133SAB0275;02/10/2022;5550;PT Sentosa Abadi;SA001
133BRM0275;02/10/2022;5600;PT Berkah Makmur;BM001
133SJB0275;02/10/2022;5650;PT Sejahtera Bersama;SB001
133CHI0275;02/10/2022;5550;PT Cahaya Indah;CI001
133MJY0276;03/10/2022;5500;PT Maju Jaya;MJ001
133SAB0276;03/10/2022;5550;PT Sentosa Abadi;SA001
133BRM0276;03/10/2022;5600;PT Berkah Makmur;BM001
133SJB0276;03/10/2022;5650;PT Sejahtera Bersama;SB001
133CHI0276;03/10/2022;5550;PT Cahaya Indah;CI001
133MJY0277;04/10/2022;5500;PT Maju Jaya;MJ001
133SAB0277;04/10/2022;5550;PT Sentosa Abadi;SA001
133BRM0277;04/10/2022;5600;PT Berkah Makmur;BM001
133SJB0277;04/10/2022;5650;PT Sejahtera Bersama;SB001
133CHI0277;04/10/2022;5550;PT Cahaya Indah;CI001
133MJY0278;05/10/2022;5500;PT Maju Jaya;MJ001
133SAB0278;05/10/2022;5550;PT Sentosa Abadi;SA001
133BRM0278;05/10/2022;5600;PT Berkah Makmur;BM001
133SJB0278;05/10/2022;5650;PT Sejahtera Bersama;SB001
133CHI0278;05/10/2022;5550;PT Cahaya Indah;CI001
133MJY0279;06/10/2022;5500;PT Maju Jaya;MJ001
133SAB0279;06/10/2022;5550;PT Sentosa Abadi;SA001
133BRM0279;06/10/2022;5600;PT Berkah Makmur;BM001
133SJB0279;06/10/2022;5650;PT Sejahtera Bersama;SB001
133CHI0279;06/10/2022;5550;PT Cahaya Indah;CI001
133MJY0280;07/10/2022;5500;PT Maju Jaya;MJ001
133SAB0280;07/10/2022;5550;PT Sentosa Abadi;SA001
133BRM0280;07/10/2022;5600;PT Berkah Makmur;BM001
133SJB0280;07/10/2022;5650;PT Sejahtera Bersama;SB001
133CHI0280;07/10/2022;5550;PT Cahaya Indah;CI001
133MJY0281;08/10/2022;5500;PT Maju Jaya;MJ001
133SAB0281;08/10/2022;5550;PT Sentosa Abadi;SA001
133BRM0281;08/10/2022;5600;PT Berkah Makmur;BM001
133SJB0281;08/10/2022;5650;PT Sejahtera Bersama;SB001
133CHI0281;08/10/2022;5550;PT Cahaya Indah;CI001
133MJY0282;09/10/2022;5500;PT Maju Jaya;MJ001
133SAB0282;09/10/2022;5550;PT Sentosa Abadi;SA001
133BRM0282;09/10/2022;5600;PT Berkah Makmur;BM001
133SJB0282;09/10/2022;5650;PT Sejahtera Bersama;SB001
133CHI0282;09/10/2022;5550;PT Cahaya Indah;CI001
133MJY0283;10/10/2022;5500;PT Maju Jaya;MJ001
133SAB0283;10/10/2022;5550;PT Sentosa Abadi;SA001
133BRM0283;10/10/2022;5600;PT Berkah Makmur;BM001
133SJB0283;10/10/2022;5650;PT Sejahtera Bersama;SB001
133CHI0283;10/10/2022;5550;PT Cahaya Indah;CI001
133MJY0284;11/10/2022;5500;PT Maju Jaya;MJ001
133SAB0284;11/10/2022;5550;PT Sentosa Abadi;SA001
133BRM0284;11/10/2022;5600;PT Berkah Makmur;BM001
133SJB0284;11/10/2022;5650;PT Sejahtera Bersama;SB001
133CHI0284;11/10/2022;5550;PT Cahaya Indah;CI001
133MJY0285;12/10/2022;5500;PT Maju Jaya;MJ001
133SAB0285;12/10/2022;5550;PT Sentosa Abadi;SA001
133BRM0285;12/10/2022;5600;PT Berkah Makmur;BM001
133SJB0285;12/10/2022;5650;PT Sejahtera Bersama;SB001
133CHI0285;12/10/2022;5550;PT Cahaya Indah;CI001
133MJY0286;13/10/2022;5500;PT Maju Jaya;MJ001
133SAB0286;13/10/2022;5550;PT Sentosa Abadi;SA001
133BRM0286;13/10/2022;5600;PT Berkah Makmur;BM001
133SJB0286;13/10/2022;5650;PT Sejahtera Bersama;SB001
133CHI0286;13/10/2022;5550;PT Cahaya Indah;CI001
133MJY0287;14/10/2022;5500;PT Maju Jaya;MJ001
133SAB0287;14/10/2022;5550;PT Sentosa Abadi;SA001
133BRM0287;14/10/2022;5600;PT Berkah Makmur;BM001
133SJB0287;14/10/2022;5650;PT Sejahtera Bersama;SB001
133CHI0287;14/10/2022;5550;PT Cahaya Indah;CI001
133MJY0288;15/10/2022;5500;PT Maju Jaya;MJ001
133SAB0288;15/10/2022;5550;PT Sentosa Abadi;SA001
133BRM0288;15/10/2022;5600;PT Berkah Makmur;BM001
133SJB0288;15/10/2022;5650;PT Sejahtera Bersama;SB001
133CHI0288;15/10/2022;5550;PT Cahaya Indah;CI001
133MJY0289;16/10/2022;5500;PT Maju Jaya;MJ001
133SAB0289;16/10/2022;5550;PT Sentosa Abadi;SA001
133BRM0289;16/10/2022;5600;PT Berkah Makmur;BM001
133SJB0289;16/10/2022;5650;PT Sejahtera Bersama;SB001
133CHI0289;16/10/2022;5550;PT Cahaya Indah;CI001
133MJY0290;17/10/2022;5500;PT Maju Jaya;MJ001
133SAB0290;17/10/2022;5550;PT Sentosa Abadi;SA001
133BRM0290;17/10/2022;5600;PT Berkah Makmur;BM001
133SJB0290;17/10/2022;5650;PT Sejahtera Bersama;SB001
133CHI0290;17/10/2022;5550;PT Cahaya Indah;CI001
133MJY0291;18/10/2022;5500;PT Maju Jaya;MJ001
133SAB0291;18/10/2022;5550;PT Sentosa Abadi;SA001
133BRM0291;18/10/2022;5600;PT Berkah Makmur;BM001
133SJB0291;18/10/2022;5650;PT Sejahtera Bersama;SB001
133CHI0291;18/10/2022;5550;PT Cahaya Indah;CI001
133MJY0292;19/10/2022;5500;PT Maju Jaya;MJ001
133SAB0292;19/10/2022;5550;PT Sentosa Abadi;SA001
133BRM0292;19/10/2022;5600;PT Berkah Makmur;BM001
133SJB0292;19/10/2022;5650;PT Sejahtera Bersama;SB001
133CHI0292;19/10/2022;5550;PT Cahaya Indah;CI001
133MJY0293;20/10/2022;5500;PT Maju Jaya;MJ001
133SAB0293;20/10/2022;5550;PT Sentosa Abadi;SA001
133BRM0293;20/10/2022;5600;PT Berkah Makmur;BM001
133SJB0293;20/10/2022;5650;PT Sejahtera Bersama;SB001
133CHI0293;20/10/2022;5550;PT Cahaya Indah;CI001
133MJY0294;21/10/2022;5500;PT Maju Jaya;MJ001
133SAB0294;21/10/2022;5550;PT Sentosa Abadi;SA001
133BRM0294;21/10/2022;5600;PT Berkah Makmur;BM001
133SJB0294;21/10/2022;5650;PT Sejahtera Bersama;SB001
133CHI0294;21/10/2022;5550;PT Cahaya Indah;CI001
133MJY0295;22/10/2022;5500;PT Maju Jaya;MJ001
133SAB0295;22/10/2022;5550;PT Sentosa Abadi;SA001
133BRM0295;22/10/2022;5600;PT Berkah Makmur;BM001
133SJB0295;22/10/2022;5650;PT Sejahtera Bersama;SB001
133CHI0295;22/10/2022;5550;PT Cahaya Indah;CI001
133MJY0296;23/10/2022;5500;PT Maju Jaya;MJ001
133SAB0296;23/10/2022;5550;PT Sentosa Abadi;SA001
133BRM0296;23/10/2022;5600;PT Berkah Makmur;BM001
133SJB0296;23/10/2022;5650;PT Sejahtera Bersama;SB001
133CHI0296;23/10/2022;5550;PT Cahaya Indah;CI001
133MJY0297;24/10/2022;5500;PT Maju Jaya;MJ001
133SAB0297;24/10/2022;5550;PT Sentosa Abadi;SA001
133BRM0297;24/10/2022;5600;PT Berkah Makmur;BM001
133SJB0297;24/10/2022;5650;PT Sejahtera Bersama;SB001
133CHI0297;24/10/2022;5550;PT Cahaya Indah;CI001
133MJY0298;25/10/2022;5500;PT Maju Jaya;MJ001
133SAB0298;25/10/2022;5550;PT Sentosa Abadi;SA001
133BRM0298;25/10/2022;5600;PT Berkah Makmur;BM001
133SJB0298;25/10/2022;5650;PT Sejahtera Bersama;SB001
133CHI0298;25/10/2022;5550;PT Cahaya Indah;CI001
133MJY0299;26/10/2022;5500;PT Maju Jaya;MJ001
133SAB0299;26/10/2022;5550;PT Sentosa Abadi;SA001
133BRM0299;26/10/2022;5600;PT Berkah Makmur;BM001
133SJB0299;26/10/2022;5650;PT Sejahtera Bersama;SB001
133CHI0299;26/10/2022;5550;PT Cahaya Indah;CI001
133MJY0300;27/10/2022;5500;PT Maju Jaya;MJ001
133SAB0300;27/10/2022;5550;PT Sentosa Abadi;SA001
133BRM0300;27/10/2022;5600;PT Berkah Makmur;BM001
133SJB0300;27/10/2022;5650;PT Sejahtera Bersama;SB001
133CHI0300;27/10/2022;5550;PT Cahaya Indah;CI001
133MJY0301;28/10/2022;5500;PT Maju Jaya;MJ001
133SAB0301;28/10/2022;5550;PT Sentosa Abadi;SA001
133BRM0301;28/10/2022;5600;PT Berkah Makmur;BM001
133SJB0301;28/10/2022;5650;PT Sejahtera Bersama;SB001
133CHI0301;28/10/2022;5550;PT Cahaya Indah;CI001
133MJY0302;29/10/2022;5500;PT Maju Jaya;MJ001
133SAB0302;29/10/2022;5550;PT Sentosa Abadi;SA001
133BRM0302;29/10/2022;5600;PT Berkah Makmur;BM001
133SJB0302;29/10/2022;5650;PT Sejahtera Bersama;SB001
133CHI0302;29/10/2022;5550;PT Cahaya Indah;CI001
133MJY0303;30/10/2022;5500;PT Maju Jaya;MJ001
133SAB0303;30/10/2022;5550;PT Sentosa Abadi;SA001
133BRM0303;30/10/2022;5600;PT Berkah Makmur;BM001
133SJB0303;30/10/2022;5650;PT Sejahtera Bersama;SB001
133CHI0303;30/10/2022;5550;PT Cahaya Indah;CI001
133MJY0304;31/10/2022;5500;PT Maju Jaya;MJ001
133SAB0304;31/10/2022;5550;PT Sentosa Abadi;SA001
133BRM0304;31/10/2022;5600;PT Berkah Makmur;BM001
133SJB0304;31/10/2022;5650;PT Sejahtera Bersama;SB001
133CHI0304;31/10/2022;5550;PT Cahaya Indah;CI001

133MJY0305;01/11/2022;5000;PT Maju Jaya;MJ001
133SAB0305;01/11/2022;6500;PT Sentosa Abadi;SA001
133BRM0305;01/11/2022;700;PT Berkah Makmur;BM001
133SJB0305;01/11/2022;4000;PT Sejahtera Bersama;SB001
133CHI0305;01/11/2022;3500;PT Cahaya Indah;CI001
133MJY0306;02/11/2022;6000;PT Maju Jaya;MJ001
133SAB0306;02/11/2022;5000;PT Sentosa Abadi;SA001
133BRM0306;02/11/2022;6500;PT Berkah Makmur;BM001
133SJB0306;02/11/2022;700;PT Sejahtera Bersama;SB001
133CHI0306;02/11/2022;4000;PT Cahaya Indah;CI001
133MJY0307;03/11/2022;3500;PT Maju Jaya;MJ001
133SAB0307;03/11/2022;6000;PT Sentosa Abadi;SA001
133BRM0307;03/11/2022;5000;PT Berkah Makmur;BM001
133SJB0307;03/11/2022;6500;PT Sejahtera Bersama;SB001
133CHI0307;03/11/2022;700;PT Cahaya Indah;CI001
133MJY0308;04/11/2022;4000;PT Maju Jaya;MJ001
133SAB0308;04/11/2022;3500;PT Sentosa Abadi;SA001
133BRM0308;04/11/2022;6000;PT Berkah Makmur;BM001
133SJB0308;04/11/2022;5000;PT Sejahtera Bersama;SB001
133CHI0308;04/11/2022;6500;PT Cahaya Indah;CI001
133MJY0309;05/11/2022;700;PT Maju Jaya;MJ001
133SAB0309;05/11/2022;4000;PT Sentosa Abadi;SA001
133BRM0309;05/11/2022;3500;PT Berkah Makmur;BM001
133SJB0309;05/11/2022;6000;PT Sejahtera Bersama;SB001
133CHI0309;05/11/2022;5000;PT Cahaya Indah;CI001
133MJY0310;06/11/2022;6500;PT Maju Jaya;MJ001
133SAB0310;06/11/2022;700;PT Sentosa Abadi;SA001
133BRM0310;06/11/2022;4000;PT Berkah Makmur;BM001
133SJB0310;06/11/2022;3500;PT Sejahtera Bersama;SB001
133CHI0310;06/11/2022;6000;PT Cahaya Indah;CI001
133MJY0311;07/11/2022;5000;PT Maju Jaya;MJ001
133SAB0311;07/11/2022;6500;PT Sentosa Abadi;SA001
133BRM0311;07/11/2022;700;PT Berkah Makmur;BM001
133SJB0311;07/11/2022;4000;PT Sejahtera Bersama;SB001
133CHI0311;07/11/2022;3500;PT Cahaya Indah;CI001
133MJY0312;08/11/2022;6000;PT Maju Jaya;MJ001
133SAB0312;08/11/2022;5000;PT Sentosa Abadi;SA001
133BRM0312;08/11/2022;6500;PT Berkah Makmur;BM001
133SJB0312;08/11/2022;700;PT Sejahtera Bersama;SB001
133CHI0312;08/11/2022;4000;PT Cahaya Indah;CI001
133MJY0313;09/11/2022;3500;PT Maju Jaya;MJ001
133SAB0313;09/11/2022;6000;PT Sentosa Abadi;SA001
133BRM0313;09/11/2022;5000;PT Berkah Makmur;BM001
133SJB0313;09/11/2022;6500;PT Sejahtera Bersama;SB001
133CHI0313;09/11/2022;700;PT Cahaya Indah;CI001
133MJY0314;10/11/2022;4000;PT Maju Jaya;MJ001
133SAB0314;10/11/2022;3500;PT Sentosa Abadi;SA001
133BRM0314;10/11/2022;6000;PT Berkah Makmur;BM001
133SJB0314;10/11/2022;5000;PT Sejahtera Bersama;SB001
133CHI0314;10/11/2022;6500;PT Cahaya Indah;CI001
133MJY0315;11/11/2022;700;PT Maju Jaya;MJ001
133SAB0315;11/11/2022;4000;PT Sentosa Abadi;SA001
133BRM0315;11/11/2022;3500;PT Berkah Makmur;BM001
133SJB0315;11/11/2022;6000;PT Sejahtera Bersama;SB001
133CHI0315;11/11/2022;5000;PT Cahaya Indah;CI001
133MJY0316;12/11/2022;6500;PT Maju Jaya;MJ001
133SAB0316;12/11/2022;700;PT Sentosa Abadi;SA001
133BRM0316;12/11/2022;4000;PT Berkah Makmur;BM001
133SJB0316;12/11/2022;3500;PT Sejahtera Bersama;SB001
133CHI0316;12/11/2022;6000;PT Cahaya Indah;CI001
133MJY0317;13/11/2022;5000;PT Maju Jaya;MJ001
133SAB0317;13/11/2022;6500;PT Sentosa Abadi;SA001
133BRM0317;13/11/2022;700;PT Berkah Makmur;BM001
133SJB0317;13/11/2022;4000;PT Sejahtera Bersama;SB001
133CHI0317;13/11/2022;3500;PT Cahaya Indah;CI001
133MJY0318;14/11/2022;6000;PT Maju Jaya;MJ001
133SAB0318;14/11/2022;5000;PT Sentosa Abadi;SA001
133BRM0318;14/11/2022;6500;PT Berkah Makmur;BM001
133SJB0318;14/11/2022;700;PT Sejahtera Bersama;SB001
133CHI0318;14/11/2022;4000;PT Cahaya Indah;CI001
133MJY0319;15/11/2022;3500;PT Maju Jaya;MJ001
133SAB0319;15/11/2022;6000;PT Sentosa Abadi;SA001
133BRM0319;15/11/2022;5000;PT Berkah Makmur;BM001
133SJB0319;15/11/2022;6500;PT Sejahtera Bersama;SB001
133CHI0319;15/11/2022;700;PT Cahaya Indah;CI001
133MJY0320;16/11/2022;4000;PT Maju Jaya;MJ001
133SAB0320;16/11/2022;3500;PT Sentosa Abadi;SA001
133BRM0320;16/11/2022;6000;PT Berkah Makmur;BM001
133SJB0320;16/11/2022;5000;PT Sejahtera Bersama;SB001
133CHI0320;16/11/2022;6500;PT Cahaya Indah;CI001
133MJY0321;17/11/2022;700;PT Maju Jaya;MJ001
133SAB0321;17/11/2022;4000;PT Sentosa Abadi;SA001
133BRM0321;17/11/2022;3500;PT Berkah Makmur;BM001
133SJB0321;17/11/2022;6000;PT Sejahtera Bersama;SB001
133CHI0321;17/11/2022;5000;PT Cahaya Indah;CI001
133MJY0322;18/11/2022;6500;PT Maju Jaya;MJ001
133SAB0322;18/11/2022;700;PT Sentosa Abadi;SA001
133BRM0322;18/11/2022;4000;PT Berkah Makmur;BM001
133SJB0322;18/11/2022;3500;PT Sejahtera Bersama;SB001
133CHI0322;18/11/2022;6000;PT Cahaya Indah;CI001
133MJY0323;19/11/2022;5000;PT Maju Jaya;MJ001
133SAB0323;19/11/2022;6500;PT Sentosa Abadi;SA001
133BRM0323;19/11/2022;700;PT Berkah Makmur;BM001
133SJB0323;19/11/2022;4000;PT Sejahtera Bersama;SB001
133CHI0323;19/11/2022;3500;PT Cahaya Indah;CI001
133MJY0324;20/11/2022;6000;PT Maju Jaya;MJ001
133SAB0324;20/11/2022;5000;PT Sentosa Abadi;SA001
133BRM0324;20/11/2022;6500;PT Berkah Makmur;BM001
133SJB0324;20/11/2022;700;PT Sejahtera Bersama;SB001
133CHI0324;20/11/2022;4000;PT Cahaya Indah;CI001
133MJY0325;21/11/2022;3500;PT Maju Jaya;MJ001
133SAB0325;21/11/2022;6000;PT Sentosa Abadi;SA001
133BRM0325;21/11/2022;5000;PT Berkah Makmur;BM001
133SJB0325;21/11/2022;6500;PT Sejahtera Bersama;SB001
133CHI0325;21/11/2022;700;PT Cahaya Indah;CI001
133MJY0326;22/11/2022;4000;PT Maju Jaya;MJ001
133SAB0326;22/11/2022;3500;PT Sentosa Abadi;SA001
133BRM0326;22/11/2022;6000;PT Berkah Makmur;BM001
133SJB0326;22/11/2022;5000;PT Sejahtera Bersama;SB001
133CHI0326;22/11/2022;6500;PT Cahaya Indah;CI001
133MJY0327;23/11/2022;700;PT Maju Jaya;MJ001
133SAB0327;23/11/2022;4000;PT Sentosa Abadi;SA001
133BRM0327;23/11/2022;3500;PT Berkah Makmur;BM001
133SJB0327;23/11/2022;6000;PT Sejahtera Bersama;SB001
133CHI0327;23/11/2022;5000;PT Cahaya Indah;CI001
133MJY0328;24/11/2022;6500;PT Maju Jaya;MJ001
133SAB0328;24/11/2022;700;PT Sentosa Abadi;SA001
133BRM0328;24/11/2022;4000;PT Berkah Makmur;BM001
133SJB0328;24/11/2022;3500;PT Sejahtera Bersama;SB001
133CHI0328;24/11/2022;6000;PT Cahaya Indah;CI001
133MJY0329;25/11/2022;5000;PT Maju Jaya;MJ001
133SAB0329;25/11/2022;6500;PT Sentosa Abadi;SA001
133BRM0329;25/11/2022;700;PT Berkah Makmur;BM001
133SJB0329;25/11/2022;4000;PT Sejahtera Bersama;SB001
133CHI0329;25/11/2022;3500;PT Cahaya Indah;CI001
133MJY0330;26/11/2022;6000;PT Maju Jaya;MJ001
133SAB0330;26/11/2022;5000;PT Sentosa Abadi;SA001
133BRM0330;26/11/2022;6500;PT Berkah Makmur;BM001
133SJB0330;26/11/2022;700;PT Sejahtera Bersama;SB001
133CHI0330;26/11/2022;4000;PT Cahaya Indah;CI001
133MJY0331;27/11/2022;3500;PT Maju Jaya;MJ001
133SAB0331;27/11/2022;6000;PT Sentosa Abadi;SA001
133BRM0331;27/11/2022;5000;PT Berkah Makmur;BM001
133SJB0331;27/11/2022;6500;PT Sejahtera Bersama;SB001
133CHI0331;27/11/2022;700;PT Cahaya Indah;CI001
133MJY0332;28/11/2022;4000;PT Maju Jaya;MJ001
133SAB0332;28/11/2022;3500;PT Sentosa Abadi;SA001
133BRM0332;28/11/2022;6000;PT Berkah Makmur;BM001
133SJB0332;28/11/2022;5000;PT Sejahtera Bersama;SB001
133CHI0332;28/11/2022;6500;PT Cahaya Indah;CI001
133MJY0333;29/11/2022;700;PT Maju Jaya;MJ001
133SAB0333;29/11/2022;4000;PT Sentosa Abadi;SA001
133BRM0333;29/11/2022;3500;PT Berkah Makmur;BM001
133SJB0333;29/11/2022;6000;PT Sejahtera Bersama;SB001
133CHI0333;29/11/2022;5000;PT Cahaya Indah;CI001
133MJY0334;30/11/2022;6500;PT Maju Jaya;MJ001
133SAB0334;30/11/2022;700;PT Sentosa Abadi;SA001
133BRM0334;30/11/2022;4000;PT Berkah Makmur;BM001
133SJB0334;30/11/2022;3500;PT Sejahtera Bersama;SB001
133CHI0334;30/11/2022;6000;PT Cahaya Indah;CI001

Nomor;Tanggal;Harga;Nama Perusahaan;Kode
133MJY0335;01/12/2022;5600;PT Maju Jaya;MJ001
133SAB0335;01/12/2022;6700;PT Sentosa Abadi;SA001
133BRM0335;01/12/2022;7000;PT Berkah Makmur;BM001
133SJB0335;01/12/2022;4400;PT Sejahtera Bersama;SB001
133CHI0335;01/12/2022;3500;PT Cahaya Indah;CI001
133MJY0336;02/12/2022;6000;PT Maju Jaya;MJ001
133SAB0336;02/12/2022;5000;PT Sentosa Abadi;SA001
133BRM0336;02/12/2022;5800;PT Berkah Makmur;BM001
133SJB0336;02/12/2022;6400;PT Sejahtera Bersama;SB001
133CHI0336;02/12/2022;7500;PT Cahaya Indah;CI001
133MJY0337;03/12/2022;5600;PT Maju Jaya;MJ001
133SAB0337;03/12/2022;6700;PT Sentosa Abadi;SA001
133BRM0337;03/12/2022;7000;PT Berkah Makmur;BM001
133SJB0337;03/12/2022;4400;PT Sejahtera Bersama;SB001
133CHI0337;03/12/2022;3500;PT Cahaya Indah;CI001
133MJY0338;04/12/2022;6000;PT Maju Jaya;MJ001
133SAB0338;04/12/2022;5000;PT Sentosa Abadi;SA001
133BRM0338;04/12/2022;5800;PT Berkah Makmur;BM001
133SJB0338;04/12/2022;6400;PT Sejahtera Bersama;SB001
133CHI0338;04/12/2022;7500;PT Cahaya Indah;CI001
133MJY0339;05/12/2022;5600;PT Maju Jaya;MJ001
133SAB0339;05/12/2022;6700;PT Sentosa Abadi;SA001
133BRM0339;05/12/2022;7000;PT Berkah Makmur;BM001
133SJB0339;05/12/2022;4400;PT Sejahtera Bersama;SB001
133CHI0339;05/12/2022;3500;PT Cahaya Indah;CI001
133MJY0340;06/12/2022;6000;PT Maju Jaya;MJ001
133SAB0340;06/12/2022;5000;PT Sentosa Abadi;SA001
133BRM0340;06/12/2022;5800;PT Berkah Makmur;BM001
133SJB0340;06/12/2022;6400;PT Sejahtera Bersama;SB001
133CHI0340;06/12/2022;7500;PT Cahaya Indah;CI001
133MJY0341;07/12/2022;5600;PT Maju Jaya;MJ001
133SAB0341;07/12/2022;6700;PT Sentosa Abadi;SA001
133BRM0341;07/12/2022;7000;PT Berkah Makmur;BM001
133SJB0341;07/12/2022;4400;PT Sejahtera Bersama;SB001
133CHI0341;07/12/2022;3500;PT Cahaya Indah;CI001
133MJY0342;08/12/2022;6000;PT Maju Jaya;MJ001
133SAB0342;08/12/2022;5000;PT Sentosa Abadi;SA001
133BRM0342;08/12/2022;5800;PT Berkah Makmur;BM001
133SJB0342;08/12/2022;6400;PT Sejahtera Bersama;SB001
133CHI0342;08/12/2022;7500;PT Cahaya Indah;CI001
133MJY0343;09/12/2022;5600;PT Maju Jaya;MJ001
133SAB0343;09/12/2022;6700;PT Sentosa Abadi;SA001
133BRM0343;09/12/2022;7000;PT Berkah Makmur;BM001
133SJB0343;09/12/2022;4400;PT Sejahtera Bersama;SB001
133CHI0343;09/12/2022;3500;PT Cahaya Indah;CI001
133MJY0344;10/12/2022;6000;PT Maju Jaya;MJ001
133SAB0344;10/12/2022;5000;PT Sentosa Abadi;SA001
133BRM0344;10/12/2022;5800;PT Berkah Makmur;BM001
133SJB0344;10/12/2022;6400;PT Sejahtera Bersama;SB001
133CHI0344;10/12/2022;7500;PT Cahaya Indah;CI001
133MJY0345;11/12/2022;5600;PT Maju Jaya;MJ001
133SAB0345;11/12/2022;6700;PT Sentosa Abadi;SA001
133BRM0345;11/12/2022;7000;PT Berkah Makmur;BM001
133SJB0345;11/12/2022;4400;PT Sejahtera Bersama;SB001
133CHI0345;11/12/2022;3500;PT Cahaya Indah;CI001
133MJY0346;12/12/2022;6000;PT Maju Jaya;MJ001
133SAB0346;12/12/2022;5000;PT Sentosa Abadi;SA001
133BRM0346;12/12/2022;5800;PT Berkah Makmur;BM001
133SJB0346;12/12/2022;6400;PT Sejahtera Bersama;SB001
133CHI0346;12/12/2022;7500;PT Cahaya Indah;CI001
133MJY0347;13/12/2022;5600;PT Maju Jaya;MJ001
133SAB0347;13/12/2022;6700;PT Sentosa Abadi;SA001
133BRM0347;13/12/2022;7000;PT Berkah Makmur;BM001
133SJB0347;13/12/2022;4400;PT Sejahtera Bersama;SB001
133CHI0347;13/12/2022;3500;PT Cahaya Indah;CI001
133MJY0348;14/12/2022;6000;PT Maju Jaya;MJ001
133SAB0348;14/12/2022;5000;PT Sentosa Abadi;SA001
133BRM0348;14/12/2022;5800;PT Berkah Makmur;BM001
133SJB0348;14/12/2022;6400;PT Sejahtera Bersama;SB001
133CHI0348;14/12/2022;7500;PT Cahaya Indah;CI001
133MJY0349;15/12/2022;5600;PT Maju Jaya;MJ001
133SAB0349;15/12/2022;6700;PT Sentosa Abadi;SA001
133BRM0349;15/12/2022;7000;PT Berkah Makmur;BM001
133SJB0349;15/12/2022;4400;PT Sejahtera Bersama;SB001
133CHI0349;15/12/2022;3500;PT Cahaya Indah;CI001
133MJY0350;16/12/2022;6000;PT Maju Jaya;MJ001
133SAB0350;16/12/2022;5000;PT Sentosa Abadi;SA001
133BRM0350;16/12/2022;5800;PT Berkah Makmur;BM001
133SJB0350;16/12/2022;6400;PT Sejahtera Bersama;SB001
133CHI0350;16/12/2022;7500;PT Cahaya Indah;CI001
133MJY0351;17/12/2022;5600;PT Maju Jaya;MJ001
133SAB0351;17/12/2022;6700;PT Sentosa Abadi;SA001
133BRM0351;17/12/2022;7000;PT Berkah Makmur;BM001
133SJB0351;17/12/2022;4400;PT Sejahtera Bersama;SB001
133CHI0351;17/12/2022;3500;PT Cahaya Indah;CI001
133MJY0352;18/12/2022;6000;PT Maju Jaya;MJ001
133SAB0352;18/12/2022;5000;PT Sentosa Abadi;SA001
133BRM0352;18/12/2022;5800;PT Berkah Makmur;BM001
133SJB0352;18/12/2022;6400;PT Sejahtera Bersama;SB001
133CHI0352;18/12/2022;7500;PT Cahaya Indah;CI001
133MJY0353;19/12/2022;5600;PT Maju Jaya;MJ001
133SAB0353;19/12/2022;6700;PT Sentosa Abadi;SA001
133BRM0353;19/12/2022;7000;PT Berkah Makmur;BM001
133SJB0353;19/12/2022;4400;PT Sejahtera Bersama;SB001
133CHI0353;19/12/2022;3500;PT Cahaya Indah;CI001
133MJY0354;20/12/2022;6000;PT Maju Jaya;MJ001
133SAB0354;20/12/2022;5000;PT Sentosa Abadi;SA001
133BRM0354;20/12/2022;5800;PT Berkah Makmur;BM001
133SJB0354;20/12/2022;6400;PT Sejahtera Bersama;SB001
133CHI0354;20/12/2022;7500;PT Cahaya Indah;CI001
133MJY0355;21/12/2022;5600;PT Maju Jaya;MJ001
133SAB0355;21/12/2022;6700;PT Sentosa Abadi;SA001
133BRM0355;21/12/2022;7000;PT Berkah Makmur;BM001
133SJB0355;21/12/2022;4400;PT Sejahtera Bersama;SB001
133CHI0355;21/12/2022;3500;PT Cahaya Indah;CI001
133MJY0356;22/12/2022;6000;PT Maju Jaya;MJ001
133SAB0356;22/12/2022;5000;PT Sentosa Abadi;SA001
133BRM0356;22/12/2022;5800;PT Berkah Makmur;BM001
133SJB0356;22/12/2022;6400;PT Sejahtera Bersama;SB001
133CHI0356;22/12/2022;7500;PT Cahaya Indah;CI001
133MJY0357;23/12/2022;5600;PT Maju Jaya;MJ001
133SAB0357;23/12/2022;6700;PT Sentosa Abadi;SA001
133BRM0357;23/12/2022;7000;PT Berkah Makmur;BM001
133SJB0357;23/12/2022;4400;PT Sejahtera Bersama;SB001
133CHI0357;23/12/2022;3500;PT Cahaya Indah;CI001
133MJY0358;24/12/2022;6000;PT Maju Jaya;MJ001
133SAB0358;24/12/2022;5000;PT Sentosa Abadi;SA001
133BRM0358;24/12/2022;5800;PT Berkah Makmur;BM001
133SJB0358;24/12/2022;6400;PT Sejahtera Bersama;SB001
133CHI0358;24/12/2022;7500;PT Cahaya Indah;CI001
133MJY0359;25/12/2022;5600;PT Maju Jaya;MJ001
133SAB0359;25/12/2022;6700;PT Sentosa Abadi;SA001
133BRM0359;25/12/2022;7000;PT Berkah Makmur;BM001
133SJB0359;25/12/2022;4400;PT Sejahtera Bersama;SB001
133CHI0359;25/12/2022;3500;PT Cahaya Indah;CI001
133MJY0360;26/12/2022;6000;PT Maju Jaya;MJ001
133SAB0360;26/12/2022;5000;PT Sentosa Abadi;SA001
133BRM0360;26/12/2022;5800;PT Berkah Makmur;BM001
133SJB0360;26/12/2022;6400;PT Sejahtera Bersama;SB001
133CHI0360;26/12/2022;7500;PT Cahaya Indah;CI001
133MJY0361;27/12/2022;5600;PT Maju Jaya;MJ001
133SAB0361;27/12/2022;6700;PT Sentosa Abadi;SA001
133BRM0361;27/12/2022;7000;PT Berkah Makmur;BM001
133SJB0361;27/12/2022;4400;PT Sejahtera Bersama;SB001
133CHI0361;27/12/2022;3500;PT Cahaya Indah;CI001
133MJY0362;28/12/2022;6000;PT Maju Jaya;MJ001
133SAB0362;28/12/2022;5000;PT Sentosa Abadi;SA001
133BRM0362;28/12/2022;5800;PT Berkah Makmur;BM001
133SJB0362;28/12/2022;6400;PT Sejahtera Bersama;SB001
133CHI0362;28/12/2022;7500;PT Cahaya Indah;CI001
133MJY0363;29/12/2022;5600;PT Maju Jaya;MJ001
133SAB0363;29/12/2022;6700;PT Sentosa Abadi;SA001
133BRM0363;29/12/2022;7000;PT Berkah Makmur;BM001
133SJB0363;29/12/2022;4400;PT Sejahtera Bersama;SB001
133CHI0363;29/12/2022;3500;PT Cahaya Indah;CI001
133MJY0364;30/12/2022;6000;PT Maju Jaya;MJ001
133SAB0364;30/12/2022;5000;PT Sentosa Abadi;SA001
133BRM0364;30/12/2022;5800;PT Berkah Makmur;BM001
133SJB0364;30/12/2022;6400;PT Sejahtera Bersama;SB001
133CHI0364;30/12/2022;7500;PT Cahaya Indah;CI001
133MJY0365;31/12/2022;5600;PT Maju Jaya;MJ001
133SAB0365;31/12/2022;6700;PT Sentosa Abadi;SA001
133BRM0365;31/12/2022;7000;PT Berkah Makmur;BM001
133SJB0365;31/12/2022;4400;PT Sejahtera Bersama;SB001
133CHI0365;31/12/2022;3500;PT Cahaya Indah;CI001
